Date,Ticker,Signal,Scale,Asset_Return,Strategy_Return
2025-11-11,AAPL,BUY,4.0,0.0,0.0
2025-11-12,AAPL,BUY,4.0,-0.0065,-0.0259
2025-11-13,AAPL,BUY,4.0,-0.0019,-0.0076
2025-11-14,AAPL,BUY,4.0,-0.002,-0.0079
2025-11-17,AAPL,BUY,1.48,-0.0182,-0.0269
2025-11-18,AAPL,BUY,1.49,-0.0001,-0.0001
2025-11-19,AAPL,BUY,1.5,0.0042,0.0063
2025-11-20,AAPL,BUY,1.54,-0.0086,-0.0133
2025-11-21,AAPL,BUY,1.69,0.0197,0.0332
2025-11-24,AAPL,BUY,1.82,0.0163,0.0297
2025-11-25,AAPL,BUY,1.84,0.0038,0.007
2025-11-26,AAPL,BUY,1.85,0.0021,0.0039
2025-11-28,AAPL,BUY,1.91,0.0047,0.0089
2025-12-01,AAPL,BUY,2.11,0.0152,0.0322
2025-12-02,AAPL,BUY,2.25,0.0109,0.0245
2025-12-03,AAPL,BUY,2.25,-0.0071,-0.0161
2025-12-04,AAPL,BUY,2.04,-0.0121,-0.0248
2025-12-05,AAPL,BUY,2.03,-0.0068,-0.0139
2025-12-08,AAPL,BUY,2.03,-0.0032,-0.0065
2025-12-09,AAPL,BUY,2.03,-0.0026,-0.0052
2025-12-10,AAPL,BUY,2.09,0.0058,0.012
2025-12-11,AAPL,BUY,2.1,-0.0027,-0.0056
2025-12-12,AAPL,BUY,2.04,0.0009,0.0018
2025-12-15,AAPL,BUY,1.72,-0.015,-0.0257
2025-12-16,AAPL,BUY,1.76,0.0018,0.0032
2025-12-17,AAPL,BUY,2.1,-0.0101,-0.0211
2025-12-18,AAPL,BUY,2.35,0.0013,0.003
2025-12-19,AAPL,BUY,2.41,0.0054,0.0131
2025-12-22,AAPL,BUY,2.26,-0.0099,-0.0223
2025-12-23,AAPL,BUY,2.29,0.0051,0.0117
2025-12-24,AAPL,BUY,2.31,0.0053,0.0123
2025-12-26,AAPL,BUY,2.15,-0.0015,-0.0032
2025-12-29,AAPL,BUY,2.17,0.0013,0.0029
2025-12-30,AAPL,BUY,2.16,-0.0025,-0.0054
2025-12-31,AAPL,BUY,2.21,-0.0045,-0.0099
2026-01-02,AAPL,BUY,2.24,-0.0031,-0.007
2026-01-05,AAPL,BUY,1.9,-0.0138,-0.0264
2026-01-06,AAPL,BUY,1.51,-0.0183,-0.0277
2026-01-07,AAPL,BUY,1.48,-0.0077,-0.0114
2026-01-08,AAPL,BUY,1.49,-0.005,-0.0074
2026-01-09,AAPL,BUY,1.52,0.0013,0.0019
2026-01-12,AAPL,BUY,1.57,0.0034,0.0053
2026-01-13,AAPL,BUY,1.62,0.0031,0.005
2026-01-14,AAPL,BUY,1.64,-0.0042,-0.0068
2026-01-15,AAPL,BUY,1.76,-0.0067,-0.0118
2026-01-16,AAPL,BUY,1.74,-0.0104,-0.018
2026-01-20,AAPL,BUY,0.82,-0.0346,-0.0283
2026-01-21,AAPL,BUY,0.85,0.0039,0.0033
2026-01-22,AAPL,BUY,0.88,0.0028,0.0025
2026-01-23,AAPL,BUY,0.87,-0.0012,-0.0011
2026-01-26,AAPL,BUY,1.02,0.0297,0.0303
2026-01-27,AAPL,BUY,1.09,0.0112,0.0122
2026-01-28,AAPL,BUY,1.1,-0.0071,-0.0078
2026-01-29,AAPL,BUY,1.16,0.0072,0.0083
2026-01-30,AAPL,BUY,1.18,0.0046,0.0055
2026-02-02,AAPL,BUY,1.41,0.0406,0.0573
2026-02-03,AAPL,BUY,1.38,-0.002,-0.0027
2026-02-04,AAPL,BUY,1.56,0.026,0.0407
2026-02-05,AAPL,BUY,1.58,-0.0021,-0.0033
2026-02-06,AAPL,BUY,1.58,0.008,0.0126
2026-02-09,AAPL,BUY,1.45,-0.0117,-0.017
2026-02-10,AAPL,BUY,1.43,-0.0034,-0.0049
2026-02-11,AAPL,BUY,1.46,0.0067,0.0097
2026-02-12,AAPL,BUY,0.66,-0.05,-0.0332
2026-02-13,AAPL,BUY,0.59,-0.0227,-0.0134
2026-02-17,AAPL,BUY,0.68,0.0317,0.0215
2026-02-18,AAPL,BUY,0.66,0.0018,0.0012
2026-02-19,AAPL,BUY,0.68,-0.0143,-0.0097
2026-02-20,AAPL,BUY,0.72,0.0154,0.0111
2026-02-23,AAPL,BUY,0.73,0.006,0.0044
2026-02-24,AAPL,BUY,0.81,0.0224,0.0181
2026-02-25,AAPL,BUY,0.83,0.0077,0.0063
2026-02-26,AAPL,BUY,0.8,-0.0047,-0.0038
2026-02-27,AAPL,BUY,0.63,-0.0321,-0.0202
2026-03-02,AAPL,BUY,0.63,0.002,0.0013
2026-03-03,AAPL,BUY,0.62,-0.0037,-0.0023
2026-03-04,AAPL,BUY,0.61,-0.0047,-0.0028
2026-03-05,AAPL,BUY,0.61,-0.0085,-0.0052
2026-03-06,AAPL,BUY,0.61,-0.0109,-0.0067
2026-03-09,AAPL,BUY,0.65,0.0094,0.0061
2026-03-10,AAPL,BUY,0.67,0.0037,0.0024
2026-03-11,AAPL,BUY,0.64,-0.0001,-0.0
2026-03-12,AAPL,BUY,0.61,-0.0194,-0.0118
2026-03-13,AAPL,BUY,0.57,-0.0221,-0.0126
2026-03-16,AAPL,BUY,0.87,0.0108,0.0094
2026-03-17,AAPL,BUY,0.91,0.0056,0.0051
2026-03-18,AAPL,BUY,0.88,-0.0169,-0.0148
2026-03-19,AAPL,BUY,0.88,-0.0039,-0.0034
2026-03-20,AAPL,BUY,0.86,-0.0039,-0.0033
2026-03-23,AAPL,BUY,0.93,0.0141,0.0131
2026-03-24,AAPL,BUY,0.95,0.0006,0.0006
2026-03-25,AAPL,BUY,0.99,0.0039,0.0038
2026-03-26,AAPL,BUY,1.01,0.0011,0.0011
2026-03-27,AAPL,SELL,0.96,-0.0162,0.0155
2026-03-30,AAPL,SELL,1.25,-0.0087,0.0109
2026-03-31,AAPL,SELL,1.45,0.029,-0.0422
2026-04-01,AAPL,SELL,1.51,0.0073,-0.011
2026-04-02,AAPL,SELL,1.51,0.0011,-0.0017
2026-04-06,AAPL,SELL,1.57,0.0115,-0.0181
2026-04-07,AAPL,SELL,1.31,-0.0207,0.0271
2026-04-08,AAPL,SELL,1.48,0.0213,-0.0315
2026-04-09,AAPL,SELL,1.53,0.0061,-0.0094
2026-04-10,AAPL,SELL,1.52,-0.0,0.0001
2026-04-13,AAPL,SELL,1.51,-0.0049,0.0074
2026-04-14,AAPL,SELL,1.65,-0.0014,0.0024
2026-04-15,AAPL,SELL,1.92,0.0294,-0.0562
2026-04-16,AAPL,SELL,1.8,-0.0114,0.0205
2026-04-17,AAPL,SELL,2.17,0.0259,-0.0564
2026-04-20,AAPL,SELL,2.21,0.0104,-0.023
2026-04-21,AAPL,SELL,1.51,-0.0252,0.0381
2026-04-22,AAPL,SELL,1.7,0.0263,-0.0446
2026-04-23,AAPL,SELL,1.67,0.001,-0.0016
2026-04-24,AAPL,SELL,1.62,-0.0087,0.014
2025-11-11,NVDA,SELL,4.0,0.0,-0.0
2025-11-12,NVDA,SELL,4.0,0.0033,-0.0133
2025-11-13,NVDA,SELL,4.0,-0.0358,0.1432
2025-11-14,NVDA,SELL,4.0,0.0177,-0.0709
2025-11-17,NVDA,SELL,0.99,-0.0188,0.0186
2025-11-18,NVDA,SELL,1.06,-0.0281,0.0298
2025-11-19,NVDA,SELL,1.2,0.0285,-0.0342
2025-11-20,NVDA,SELL,1.15,-0.0315,0.0362
2025-11-21,NVDA,SELL,0.74,-0.0097,0.0072
2025-11-24,NVDA,SELL,0.82,0.0205,-0.0169
2025-11-25,NVDA,SELL,0.82,-0.0259,0.0212
2025-11-26,NVDA,SELL,0.9,0.0137,-0.0124
2025-11-28,NVDA,SELL,0.88,-0.0181,0.016
2025-12-01,NVDA,SELL,0.98,0.0165,-0.0162
2025-12-02,NVDA,SELL,1.06,0.0086,-0.0091
2025-12-03,NVDA,SELL,0.95,-0.0103,0.0098
2025-12-04,NVDA,SELL,1.07,0.0212,-0.0227
2025-12-05,NVDA,SELL,0.94,-0.0053,0.005
2025-12-08,NVDA,SELL,1.03,0.0172,-0.0178
2025-12-09,NVDA,SELL,0.96,-0.0031,0.003
2025-12-10,NVDA,SELL,0.93,-0.0064,0.006
2025-12-11,NVDA,SELL,0.92,-0.0155,0.0142
2025-12-12,NVDA,SELL,0.76,-0.0327,0.0249
2025-12-15,NVDA,SELL,0.87,0.0073,-0.0063
2025-12-16,NVDA,SELL,0.92,0.0081,-0.0074
2025-12-17,NVDA,SELL,0.67,-0.0381,0.0254
2025-12-18,NVDA,SELL,0.73,0.0187,-0.0137
2025-12-19,NVDA,SELL,0.88,0.0393,-0.0347
2025-12-22,NVDA,SELL,0.99,0.0149,-0.0148
2025-12-23,NVDA,SELL,1.15,0.0301,-0.0347
2025-12-24,NVDA,SELL,1.07,-0.0032,0.0034
2025-12-26,NVDA,SELL,1.14,0.0102,-0.0116
2025-12-29,NVDA,SELL,1.07,-0.0121,0.013
2025-12-30,NVDA,SELL,1.02,-0.0036,0.0037
2025-12-31,NVDA,SELL,0.98,-0.0055,0.0054
2026-01-02,NVDA,SELL,1.04,0.0126,-0.0131
2026-01-05,NVDA,SELL,0.99,-0.0039,0.0038
2026-01-06,NVDA,SELL,0.97,-0.0047,0.0045
2026-01-07,NVDA,SELL,1.0,0.01,-0.01
2026-01-08,NVDA,SELL,0.89,-0.0215,0.0192
2026-01-09,NVDA,SELL,0.87,-0.001,0.0009
2026-01-12,NVDA,SELL,0.84,0.0004,-0.0004
2026-01-13,NVDA,SELL,0.84,0.0047,-0.004
2026-01-14,NVDA,SELL,0.92,-0.0144,0.0132
2026-01-15,NVDA,SELL,1.01,0.0213,-0.0216
2026-01-16,NVDA,SELL,0.98,-0.0044,0.0043
2026-01-20,NVDA,SELL,0.69,-0.0438,0.0301
2026-01-21,NVDA,SELL,0.79,0.0295,-0.0234
2026-01-22,NVDA,SELL,0.81,0.0083,-0.0067
2026-01-23,NVDA,SELL,0.87,0.0153,-0.0134
2026-01-26,NVDA,SELL,0.87,-0.0064,0.0056
2026-01-27,NVDA,SELL,0.9,0.011,-0.0099
2026-01-28,NVDA,SELL,0.97,0.0159,-0.0155
2026-01-29,NVDA,SELL,0.98,0.0052,-0.0051
2026-01-30,NVDA,SELL,0.95,-0.0072,0.0068
2026-02-02,NVDA,SELL,0.75,-0.0289,0.0217
2026-02-03,NVDA,SELL,0.65,-0.0284,0.0184
2026-02-04,NVDA,SELL,0.54,-0.0341,0.0183
2026-02-05,NVDA,SELL,0.53,-0.0133,0.0071
2026-02-06,NVDA,SELL,0.77,0.0787,-0.0607
2026-02-09,NVDA,SELL,0.85,0.025,-0.0213
2026-02-10,NVDA,SELL,0.86,-0.0079,0.0068
2026-02-11,NVDA,SELL,0.89,0.008,-0.0071
2026-02-12,NVDA,SELL,0.83,-0.0164,0.0136
2026-02-13,NVDA,SELL,0.75,-0.0221,0.0165
2026-02-17,NVDA,SELL,0.8,0.0118,-0.0094
2026-02-18,NVDA,SELL,0.89,0.0163,-0.0146
2026-02-19,NVDA,SELL,1.02,-0.0004,0.0004
2026-02-20,NVDA,SELL,1.06,0.0102,-0.0108
2026-02-23,NVDA,SELL,1.1,0.0091,-0.01
2026-02-24,NVDA,SELL,1.12,0.0068,-0.0076
2026-02-25,NVDA,SELL,1.23,0.0141,-0.0173
2026-02-26,NVDA,SELL,0.63,-0.0546,0.0345
2026-02-27,NVDA,SELL,0.51,-0.0416,0.0211
2026-03-02,NVDA,SELL,0.59,0.0299,-0.0177
2026-03-03,NVDA,BUY,0.58,-0.0133,-0.0077
2026-03-04,NVDA,BUY,0.6,0.0166,0.01
2026-03-05,NVDA,BUY,0.59,0.0016,0.001
2026-03-06,NVDA,BUY,0.52,-0.0301,-0.0156
2026-03-09,NVDA,BUY,0.59,0.0272,0.016
2026-03-10,NVDA,BUY,0.61,0.0116,0.0071
2026-03-11,NVDA,BUY,0.63,0.0069,0.0043
2026-03-12,NVDA,BUY,0.61,-0.0155,-0.0095
2026-03-13,NVDA,BUY,0.57,-0.0158,-0.009
2026-03-16,NVDA,BUY,0.62,0.0165,0.0102
2026-03-17,NVDA,BUY,0.57,-0.007,-0.004
2026-03-18,NVDA,BUY,0.55,-0.0084,-0.0046
2026-03-19,NVDA,BUY,0.53,-0.0102,-0.0054
2026-03-20,NVDA,BUY,0.49,-0.0328,-0.0162
2026-03-23,NVDA,BUY,0.55,0.017,0.0093
2026-03-24,NVDA,BUY,0.54,-0.0025,-0.0013
2026-03-25,NVDA,BUY,0.6,0.0199,0.012
2026-03-26,NVDA,BUY,0.49,-0.0416,-0.0204
2026-03-27,NVDA,BUY,0.56,-0.0217,-0.0121
2026-03-30,NVDA,BUY,0.61,-0.014,-0.0086
2026-03-31,NVDA,BUY,0.8,0.0559,0.0448
2026-04-01,NVDA,BUY,0.81,0.0077,0.0063
2026-04-02,NVDA,BUY,0.86,0.0093,0.008
2026-04-06,NVDA,BUY,0.86,0.0014,0.0012
2026-04-07,NVDA,BUY,0.9,0.0026,0.0023
2026-04-08,NVDA,BUY,1.01,0.0223,0.0226
2026-04-09,NVDA,BUY,1.07,0.0101,0.0107
2026-04-10,NVDA,BUY,1.22,0.0257,0.0313
2026-04-13,NVDA,BUY,1.2,0.0036,0.0043
2026-04-14,NVDA,BUY,1.41,0.038,0.0538
2026-04-15,NVDA,BUY,1.47,0.012,0.0177
2026-04-16,NVDA,BUY,1.36,-0.0026,-0.0036
2026-04-17,NVDA,BUY,1.42,0.0168,0.0238
2026-04-20,NVDA,BUY,1.33,0.0019,0.0025
2026-04-21,NVDA,BUY,1.32,-0.0108,-0.0142
2026-04-22,NVDA,BUY,1.36,0.0131,0.0178
2026-04-23,NVDA,BUY,1.34,-0.0141,-0.0189
2026-04-24,NVDA,BUY,1.6,0.0432,0.0692
2025-11-11,TSLA,BUY,4.0,0.0,0.0
2025-11-12,TSLA,BUY,4.0,-0.0205,-0.0821
2025-11-13,TSLA,BUY,0.27,-0.0664,-0.0179
2025-11-14,TSLA,BUY,0.28,0.0059,0.0017
2025-11-17,TSLA,BUY,0.3,0.0113,0.0034
2025-11-18,TSLA,BUY,0.3,-0.0188,-0.0055
2025-11-19,TSLA,BUY,0.31,0.0068,0.0021
2025-11-20,TSLA,BUY,0.32,-0.0217,-0.0069
2025-11-21,TSLA,BUY,0.31,-0.0105,-0.0033
2025-11-24,TSLA,BUY,0.44,0.0682,0.0297
2025-11-25,TSLA,BUY,0.45,0.0039,0.0018
2025-11-26,TSLA,BUY,0.5,0.0171,0.0086
2025-11-28,TSLA,BUY,0.53,0.0084,0.0045
2025-12-01,TSLA,BUY,0.51,-0.0001,-0.0
2025-12-02,TSLA,BUY,0.52,-0.0021,-0.0011
2025-12-03,TSLA,BUY,0.65,0.0408,0.0267
2025-12-04,TSLA,BUY,0.74,0.0174,0.0129
2025-12-05,TSLA,BUY,0.75,0.001,0.0008
2025-12-08,TSLA,BUY,0.62,-0.0339,-0.021
2025-12-09,TSLA,BUY,0.68,0.0127,0.0086
2025-12-10,TSLA,BUY,0.73,0.0141,0.0103
2025-12-11,TSLA,BUY,0.71,-0.0101,-0.0072
2025-12-12,TSLA,BUY,0.78,0.027,0.021
2025-12-15,TSLA,BUY,1.73,0.0356,0.0615
2025-12-16,TSLA,BUY,1.94,0.0307,0.0596
2025-12-17,TSLA,BUY,1.03,-0.0462,-0.0478
2025-12-18,TSLA,BUY,1.13,0.0345,0.0391
2025-12-19,TSLA,BUY,1.06,-0.0045,-0.0048
2025-12-22,TSLA,BUY,1.05,0.0156,0.0164
2025-12-23,TSLA,BUY,0.96,-0.0065,-0.0062
2025-12-24,TSLA,SELL,0.92,-0.0003,0.0003
2025-12-26,TSLA,SELL,0.82,-0.021,0.0173
2025-12-29,TSLA,SELL,0.65,-0.0327,0.0212
2025-12-30,TSLA,SELL,0.61,-0.0113,0.007
2025-12-31,TSLA,SELL,0.6,-0.0104,0.0062
2026-01-02,TSLA,SELL,0.54,-0.0259,0.0141
2026-01-05,TSLA,SELL,0.63,0.031,-0.0195
2026-01-06,TSLA,SELL,0.49,-0.0414,0.0203
2026-01-07,TSLA,SELL,0.48,-0.0036,0.0017
2026-01-08,TSLA,SELL,0.51,0.0102,-0.0052
2026-01-09,TSLA,SELL,0.56,0.0211,-0.0119
2026-01-12,TSLA,SELL,0.59,0.0089,-0.0052
2026-01-13,TSLA,SELL,0.57,-0.0039,0.0022
2026-01-14,TSLA,SELL,0.55,-0.0179,0.0098
2026-01-15,TSLA,SELL,0.56,-0.0014,0.0008
2026-01-16,TSLA,SELL,0.56,-0.0024,0.0014
2026-01-20,TSLA,SELL,0.5,-0.0417,0.0208
2026-01-21,TSLA,SELL,0.58,0.0291,-0.017
2026-01-22,TSLA,SELL,0.72,0.0415,-0.0299
2026-01-23,TSLA,SELL,0.73,-0.0007,0.0005
2026-01-26,TSLA,SELL,0.63,-0.0309,0.0194
2026-01-27,TSLA,SELL,0.63,-0.0099,0.0063
2026-01-28,TSLA,SELL,0.63,0.0013,-0.0008
2026-01-29,TSLA,SELL,0.54,-0.0345,0.0185
2026-01-30,TSLA,SELL,0.62,0.0332,-0.0205
2026-02-02,TSLA,SELL,0.57,-0.02,0.0113
2026-02-03,TSLA,SELL,0.56,0.0004,-0.0002
2026-02-04,TSLA,SELL,0.46,-0.0378,0.0175
2026-02-05,TSLA,SELL,0.47,-0.0217,0.0101
2026-02-06,TSLA,SELL,0.56,0.035,-0.0194
2026-02-09,TSLA,SELL,0.61,0.0151,-0.0092
2026-02-10,TSLA,SELL,0.67,0.0189,-0.0127
2026-02-11,TSLA,SELL,0.71,0.0072,-0.0051
2026-02-12,TSLA,SELL,0.65,-0.0262,0.0171
2026-02-13,TSLA,SELL,0.64,0.0009,-0.0006
2026-02-17,TSLA,SELL,0.65,-0.0163,0.0106
2026-02-18,TSLA,SELL,0.71,0.0017,-0.0012
2026-02-19,TSLA,SELL,0.81,0.0009,-0.0008
2026-02-20,TSLA,SELL,0.81,0.0003,-0.0002
2026-02-23,TSLA,SELL,0.74,-0.0291,0.0216
2026-02-24,TSLA,SELL,1.08,0.0239,-0.0259
2026-02-25,TSLA,SELL,1.21,0.0196,-0.0237
2026-02-26,TSLA,SELL,1.37,-0.0211,0.0289
2026-02-27,TSLA,SELL,1.17,-0.0149,0.0174
2026-03-02,TSLA,SELL,1.34,0.002,-0.0027
2026-03-03,TSLA,SELL,1.19,-0.027,0.0322
2026-03-04,TSLA,SELL,1.42,0.0344,-0.0489
2026-03-05,TSLA,SELL,0.97,-0.001,0.0009
2026-03-06,TSLA,SELL,1.08,-0.0217,0.0235
2026-03-09,TSLA,SELL,1.1,0.0049,-0.0054
2026-03-10,TSLA,SELL,1.09,0.0014,-0.0015
2026-03-11,TSLA,SELL,1.23,0.0215,-0.0265
2026-03-12,TSLA,SELL,0.99,-0.0314,0.0311
2026-03-13,TSLA,SELL,0.94,-0.0096,0.009
2026-03-16,TSLA,SELL,0.98,0.0111,-0.0109
2026-03-17,TSLA,SELL,1.03,0.0094,-0.0097
2026-03-18,TSLA,SELL,0.96,-0.0163,0.0157
2026-03-19,TSLA,SELL,0.81,-0.0318,0.0258
2026-03-20,TSLA,SELL,0.7,-0.0324,0.0227
2026-03-23,TSLA,SELL,0.83,0.035,-0.0291
2026-03-24,TSLA,SELL,0.85,0.0057,-0.0049
2026-03-25,TSLA,SELL,0.9,0.0076,-0.0069
2026-03-26,TSLA,SELL,0.74,-0.0359,0.0265
2026-03-27,TSLA,SELL,0.66,-0.0276,0.0181
2026-03-30,TSLA,SELL,0.63,-0.0181,0.0114
2026-03-31,TSLA,SELL,0.79,0.0464,-0.0367
2026-04-01,TSLA,SELL,0.87,0.0256,-0.0223
2026-04-02,TSLA,SELL,0.54,-0.0542,0.0292
2026-04-06,TSLA,SELL,0.6,-0.0215,0.0129
2026-04-07,TSLA,SELL,0.56,-0.0175,0.0097
2026-04-08,TSLA,SELL,0.53,-0.0098,0.0052
2026-04-09,TSLA,SELL,0.57,0.0069,-0.0039
2026-04-10,TSLA,SELL,0.61,0.0096,-0.0059
2026-04-13,TSLA,SELL,0.64,0.0099,-0.0063
2026-04-14,TSLA,SELL,0.79,0.0334,-0.0263
2026-04-15,TSLA,SELL,1.17,0.0762,-0.0891
2026-04-16,TSLA,SELL,1.06,-0.0078,0.0082
2026-04-17,TSLA,SELL,1.22,0.0301,-0.0368
2026-04-20,TSLA,SELL,1.09,-0.0203,0.022
2026-04-21,TSLA,SELL,1.01,-0.0155,0.0156
2026-04-22,TSLA,SELL,1.01,0.0028,-0.0028
2026-04-23,TSLA,SELL,0.83,-0.0356,0.0294
2026-04-24,TSLA,SELL,0.85,0.0069,-0.0059
2025-11-11,MSFT,BUY,4.0,0.0,0.0
2025-11-12,MSFT,BUY,4.0,0.0048,0.0193
2025-11-13,MSFT,BUY,4.0,-0.0154,-0.0614
2025-11-14,MSFT,BUY,4.0,0.0137,0.0548
2025-11-17,MSFT,BUY,1.83,-0.0053,-0.0096
2025-11-18,MSFT,BUY,0.92,-0.027,-0.0248
2025-11-19,MSFT,BUY,1.0,-0.0135,-0.0135
2025-11-20,MSFT,BUY,1.06,-0.016,-0.0169
2025-11-21,MSFT,BUY,1.1,-0.0132,-0.0145
2025-11-24,MSFT,BUY,1.15,0.004,0.0046
2025-11-25,MSFT,BUY,1.22,0.0063,0.0077
2025-11-26,MSFT,BUY,1.37,0.0178,0.0244
2025-11-28,MSFT,BUY,1.49,0.0134,0.0199
2025-12-01,MSFT,BUY,1.5,-0.0107,-0.016
2025-12-02,MSFT,BUY,1.57,0.0067,0.0105
2025-12-03,MSFT,BUY,1.28,-0.025,-0.0321
2025-12-04,MSFT,BUY,1.34,0.0065,0.0087
2025-12-05,MSFT,SELL,1.38,0.0048,-0.0067
2025-12-08,MSFT,SELL,1.5,0.0163,-0.0244
2025-12-09,MSFT,SELL,1.53,0.002,-0.0031
2025-12-10,MSFT,SELL,1.24,-0.0274,0.0339
2025-12-11,MSFT,SELL,1.32,0.0103,-0.0136
2025-12-12,MSFT,SELL,1.29,-0.0102,0.0131
2025-12-15,MSFT,SELL,1.18,-0.0078,0.0092
2025-12-16,MSFT,SELL,1.22,0.0033,-0.004
2025-12-17,MSFT,SELL,1.12,-0.0006,0.0006
2025-12-18,MSFT,SELL,1.34,0.0165,-0.0221
2025-12-19,MSFT,SELL,1.33,0.004,-0.0053
2025-12-22,MSFT,SELL,1.21,-0.0021,0.0025
2025-12-23,MSFT,SELL,1.18,0.004,-0.0047
2025-12-24,MSFT,SELL,1.19,0.0024,-0.0029
2025-12-26,MSFT,SELL,1.14,-0.0006,0.0007
2025-12-29,MSFT,SELL,1.11,-0.0013,0.0014
2025-12-30,MSFT,SELL,1.1,0.0008,-0.0009
2025-12-31,MSFT,SELL,1.06,-0.0079,0.0084
2026-01-02,MSFT,SELL,0.9,-0.0221,0.0199
2026-01-05,MSFT,SELL,0.99,-0.0002,0.0002
2026-01-06,MSFT,SELL,1.06,0.012,-0.0127
2026-01-07,MSFT,SELL,1.13,0.0104,-0.0117
2026-01-08,MSFT,SELL,1.11,-0.0111,0.0123
2026-01-09,MSFT,SELL,1.12,0.0024,-0.0027
2026-01-12,MSFT,SELL,1.51,-0.0044,0.0066
2026-01-13,MSFT,SELL,1.41,-0.0136,0.0192
2026-01-14,MSFT,SELL,1.01,-0.024,0.0243
2026-01-15,MSFT,SELL,0.99,-0.0059,0.0059
2026-01-16,MSFT,SELL,1.03,0.007,-0.0072
2026-01-20,MSFT,SELL,1.03,-0.0116,0.0119
2026-01-21,MSFT,SELL,0.87,-0.0229,0.0199
2026-01-22,MSFT,SELL,0.95,0.0158,-0.0151
2026-01-23,MSFT,SELL,1.12,0.0328,-0.0369
2026-01-26,MSFT,SELL,1.19,0.0093,-0.011
2026-01-27,MSFT,SELL,1.33,0.0219,-0.0292
2026-01-28,MSFT,SELL,1.38,0.0022,-0.003
2026-01-29,MSFT,SELL,0.26,-0.0999,0.0264
2026-01-30,MSFT,SELL,0.27,-0.0074,0.002
2026-02-02,MSFT,SELL,0.26,-0.0161,0.0042
2026-02-03,MSFT,SELL,0.23,-0.0287,0.0067
2026-02-04,MSFT,SELL,0.25,0.0072,-0.0018
2026-02-05,MSFT,SELL,0.2,-0.0495,0.0101
2026-02-06,MSFT,SELL,0.23,0.019,-0.0044
2026-02-09,MSFT,SELL,0.27,0.0311,-0.0083
2026-02-10,MSFT,SELL,0.28,-0.0008,0.0002
2026-02-11,MSFT,SELL,0.27,-0.0215,0.0057
2026-02-12,MSFT,SELL,0.26,-0.0063,0.0016
2026-02-13,MSFT,SELL,0.26,-0.0013,0.0003
2026-02-17,MSFT,SELL,0.26,-0.0111,0.0029
2026-02-18,MSFT,SELL,0.27,0.0069,-0.0019
2026-02-19,MSFT,SELL,0.27,-0.0006,0.0002
2026-02-20,MSFT,SELL,0.27,-0.0031,0.0008
2026-02-23,MSFT,SELL,0.25,-0.0321,0.0082
2026-02-24,MSFT,SELL,0.28,0.0118,-0.0033
2026-02-25,MSFT,SELL,0.34,0.0298,-0.0101
2026-02-26,MSFT,SELL,0.36,0.0028,-0.001
2026-02-27,MSFT,SELL,0.34,-0.0224,0.0077
2026-03-02,MSFT,SELL,0.68,0.0148,-0.01
2026-03-03,MSFT,SELL,0.71,0.0135,-0.0096
2026-03-04,MSFT,SELL,0.69,0.0031,-0.0022
2026-03-05,MSFT,SELL,0.75,0.0135,-0.0101
2026-03-06,MSFT,SELL,0.73,-0.0042,0.0031
2026-03-09,MSFT,SELL,1.1,0.0011,-0.0012
2026-03-10,MSFT,SELL,1.06,-0.0089,0.0094
2026-03-11,MSFT,SELL,1.06,-0.0022,0.0023
2026-03-12,MSFT,SELL,1.06,-0.0075,0.0079
2026-03-13,MSFT,SELL,1.03,-0.0157,0.0162
2026-03-16,MSFT,SELL,1.05,0.0111,-0.0117
2026-03-17,MSFT,SELL,1.04,-0.0014,0.0014
2026-03-18,MSFT,SELL,0.92,-0.0191,0.0175
2026-03-19,MSFT,SELL,0.92,-0.0071,0.0065
2026-03-20,MSFT,SELL,0.88,-0.0184,0.0161
2026-03-23,MSFT,SELL,0.89,0.003,-0.0026
2026-03-24,MSFT,SELL,0.88,-0.0268,0.0236
2026-03-25,MSFT,SELL,0.88,-0.0046,0.004
2026-03-26,MSFT,SELL,0.88,-0.0137,0.012
2026-03-27,MSFT,SELL,0.75,-0.0251,0.019
2026-03-30,MSFT,SELL,0.81,0.0061,-0.005
2026-03-31,MSFT,SELL,0.95,0.0312,-0.0298
2026-04-01,MSFT,SELL,0.95,-0.0022,0.0021
2026-04-02,MSFT,SELL,1.03,0.0111,-0.0114
2026-04-06,MSFT,SELL,1.04,-0.0016,0.0016
2026-04-07,MSFT,SELL,1.03,-0.0016,0.0016
2026-04-08,MSFT,SELL,1.08,0.0055,-0.0059
2026-04-09,MSFT,SELL,1.07,-0.0034,0.0036
2026-04-10,MSFT,SELL,1.08,-0.0059,0.0064
2026-04-13,MSFT,SELL,1.26,0.0364,-0.0459
2026-04-14,MSFT,SELL,1.39,0.0227,-0.0316
2026-04-15,MSFT,SELL,1.75,0.0461,-0.0807
2026-04-16,MSFT,BUY,1.95,0.022,0.0428
2026-04-17,MSFT,BUY,2.03,0.006,0.0122
2026-04-20,MSFT,BUY,1.86,-0.0112,-0.0208
2026-04-21,MSFT,BUY,2.01,0.0146,0.0293
2026-04-22,MSFT,BUY,2.17,0.0207,0.0447
2026-04-23,MSFT,BUY,1.27,-0.0397,-0.0505
2026-04-24,MSFT,BUY,1.35,0.0213,0.0288
2025-11-11,GOOGL,BUY,4.0,0.0,0.0
2025-11-12,GOOGL,BUY,4.0,-0.0158,-0.0632
2025-11-13,GOOGL,BUY,1.77,-0.0284,-0.0501
2025-11-14,GOOGL,BUY,1.23,-0.0078,-0.0096
2025-11-17,GOOGL,BUY,1.4,0.0311,0.0437
2025-11-18,GOOGL,BUY,1.17,-0.0026,-0.003
2025-11-19,GOOGL,BUY,1.31,0.03,0.0394
2025-11-20,GOOGL,BUY,1.33,-0.0115,-0.0153
2025-11-21,GOOGL,BUY,1.54,0.0353,0.0543
2025-11-24,GOOGL,BUY,2.12,0.0631,0.1341
2025-11-25,GOOGL,BUY,2.24,0.0153,0.0342
2025-11-26,GOOGL,BUY,2.15,-0.0108,-0.0232
2025-11-28,GOOGL,BUY,2.12,0.0007,0.0015
2025-12-01,GOOGL,BUY,1.95,-0.0165,-0.0322
2025-12-02,GOOGL,BUY,1.95,0.0029,0.0057
2025-12-03,GOOGL,BUY,2.03,0.0121,0.0246
2025-12-04,GOOGL,BUY,1.91,-0.0063,-0.012
2025-12-05,GOOGL,BUY,1.99,0.0115,0.0229
2025-12-08,GOOGL,BUY,1.61,-0.0229,-0.0368
2025-12-09,GOOGL,BUY,1.68,0.0107,0.018
2025-12-10,GOOGL,BUY,1.75,0.0099,0.0173
2025-12-11,GOOGL,BUY,1.44,-0.0243,-0.0349
2025-12-12,GOOGL,BUY,1.32,-0.0101,-0.0133
2025-12-15,GOOGL,BUY,1.46,-0.0035,-0.0051
2025-12-16,GOOGL,BUY,1.37,-0.0054,-0.0073
2025-12-17,GOOGL,BUY,0.88,-0.0321,-0.0281
2025-12-18,GOOGL,BUY,1.01,0.0193,0.0195
2025-12-19,GOOGL,BUY,1.06,0.0155,0.0165
2025-12-22,GOOGL,BUY,1.08,0.0085,0.0092
2025-12-23,GOOGL,BUY,1.16,0.0148,0.0171
2025-12-24,GOOGL,BUY,1.04,-0.0008,-0.0009
2025-12-26,GOOGL,BUY,1.02,-0.0018,-0.0019
2025-12-29,GOOGL,BUY,0.98,0.0002,0.0002
2025-12-30,GOOGL,BUY,0.99,0.0009,0.0009
2025-12-31,GOOGL,BUY,0.96,-0.0027,-0.0026
2026-01-02,GOOGL,BUY,1.0,0.0069,0.0069
2026-01-05,GOOGL,BUY,1.02,0.0044,0.0045
2026-01-06,GOOGL,BUY,0.99,-0.007,-0.0069
2026-01-07,GOOGL,BUY,1.12,0.0243,0.0273
2026-01-08,GOOGL,BUY,1.27,0.0107,0.0136
2026-01-09,GOOGL,BUY,1.32,0.0096,0.0127
2026-01-12,GOOGL,BUY,1.37,0.01,0.0137
2026-01-13,GOOGL,BUY,1.62,0.0124,0.02
2026-01-14,GOOGL,BUY,1.54,-0.0004,-0.0006
2026-01-15,GOOGL,BUY,1.44,-0.0091,-0.0131
2026-01-16,GOOGL,BUY,1.34,-0.0084,-0.0112
2026-01-20,GOOGL,BUY,1.56,-0.0242,-0.0378
2026-01-21,GOOGL,BUY,1.69,0.0198,0.0336
2026-01-22,GOOGL,BUY,1.72,0.0066,0.0113
2026-01-23,GOOGL,BUY,1.69,-0.0079,-0.0133
2026-01-26,GOOGL,BUY,1.81,0.0163,0.0294
2026-01-27,GOOGL,BUY,1.83,0.0039,0.0071
2026-01-28,GOOGL,BUY,1.85,0.0044,0.0081
2026-01-29,GOOGL,BUY,1.88,0.0067,0.0125
2026-01-30,GOOGL,SELL,1.8,-0.0007,0.0013
2026-02-02,GOOGL,SELL,1.9,0.0168,-0.0319
2026-02-03,GOOGL,SELL,1.81,-0.0116,0.0209
2026-02-04,GOOGL,SELL,1.47,-0.0196,0.0288
2026-02-05,GOOGL,SELL,1.4,-0.0054,0.0075
2026-02-06,GOOGL,SELL,1.03,-0.0253,0.0261
2026-02-09,GOOGL,SELL,1.05,0.0045,-0.0047
2026-02-10,GOOGL,SELL,0.98,-0.0177,0.0174
2026-02-11,GOOGL,SELL,0.86,-0.0239,0.0206
2026-02-12,GOOGL,SELL,0.87,-0.0063,0.0055
2026-02-13,GOOGL,SELL,0.92,-0.0106,0.0097
2026-02-17,GOOGL,SELL,0.89,-0.0121,0.0108
2026-02-18,GOOGL,SELL,0.9,0.0043,-0.0039
2026-02-19,GOOGL,SELL,0.91,-0.0016,0.0014
2026-02-20,GOOGL,SELL,1.12,0.0401,-0.0447
2026-02-23,GOOGL,SELL,1.11,-0.0111,0.0123
2026-02-24,GOOGL,SELL,1.07,-0.0019,0.002
2026-02-25,GOOGL,SELL,1.12,0.0064,-0.0072
2026-02-26,GOOGL,SELL,1.06,-0.0176,0.0188
2026-02-27,GOOGL,SELL,1.16,0.0142,-0.0166
2026-03-02,GOOGL,SELL,1.12,-0.0168,0.0188
2026-03-03,GOOGL,SELL,1.19,-0.0096,0.0114
2026-03-04,GOOGL,SELL,1.17,-0.0015,0.0017
2026-03-05,GOOGL,SELL,1.14,-0.0074,0.0085
2026-03-06,GOOGL,SELL,1.17,-0.0078,0.0091
2026-03-09,GOOGL,SELL,1.33,0.027,-0.0359
2026-03-10,GOOGL,SELL,1.53,0.0022,-0.0034
2026-03-11,GOOGL,SELL,1.58,0.0054,-0.0086
2026-03-12,GOOGL,SELL,1.48,-0.0167,0.0247
2026-03-13,GOOGL,SELL,1.74,-0.0042,0.0073
2026-03-16,GOOGL,SELL,1.79,0.0109,-0.0194
2026-03-17,GOOGL,SELL,1.87,0.0175,-0.0327
2026-03-18,GOOGL,SELL,1.78,-0.0104,0.0185
2026-03-19,GOOGL,SELL,1.73,-0.0018,0.0032
2026-03-20,GOOGL,SELL,1.48,-0.02,0.0295
2026-03-23,GOOGL,SELL,1.52,0.0035,-0.0053
2026-03-24,GOOGL,SELL,0.8,-0.0385,0.0308
2026-03-25,GOOGL,SELL,0.83,0.0017,-0.0014
2026-03-26,GOOGL,SELL,0.63,-0.0344,0.0218
2026-03-27,GOOGL,SELL,0.57,-0.0234,0.0134
2026-03-30,GOOGL,SELL,0.58,-0.0031,0.0018
2026-03-31,GOOGL,SELL,0.72,0.0514,-0.0368
2026-04-01,GOOGL,SELL,0.82,0.0342,-0.028
2026-04-02,GOOGL,SELL,0.82,-0.0054,0.0045
2026-04-06,GOOGL,SELL,0.86,0.0143,-0.0122
2026-04-07,GOOGL,SELL,0.94,0.0182,-0.0171
2026-04-08,GOOGL,SELL,1.14,0.0388,-0.0444
2026-04-09,GOOGL,SELL,1.16,0.0037,-0.0043
2026-04-10,GOOGL,SELL,1.1,-0.0039,0.0043
2026-04-13,GOOGL,SELL,1.14,0.0128,-0.0147
2026-04-14,GOOGL,SELL,1.37,0.0361,-0.0496
2026-04-15,GOOGL,SELL,1.44,0.0126,-0.0182
2026-04-16,GOOGL,SELL,1.36,-0.0033,0.0044
2026-04-17,GOOGL,SELL,1.42,0.0168,-0.0238
2026-04-20,GOOGL,SELL,1.34,-0.0125,0.0168
2026-04-21,GOOGL,SELL,1.21,-0.0152,0.0185
2026-04-22,GOOGL,SELL,1.31,0.0212,-0.0277
2026-04-23,GOOGL,SELL,1.53,-0.0013,0.0019
2026-04-24,GOOGL,SELL,1.59,0.0163,-0.0258
2025-11-11,META,BUY,4.0,0.0,0.0
2025-11-12,META,BUY,4.0,-0.0288,-0.1153
2025-11-13,META,BUY,4.0,0.0014,0.0058
2025-11-14,META,BUY,0.44,-0.0007,-0.0003
2025-11-17,META,BUY,0.53,-0.0122,-0.0065
2025-11-18,META,BUY,0.6,-0.0072,-0.0043
2025-11-19,META,BUY,0.66,-0.0123,-0.0082
2025-11-20,META,BUY,0.69,-0.002,-0.0014
2025-11-21,META,BUY,0.76,0.0087,0.0066
2025-11-24,META,BUY,0.93,0.0316,0.0293
2025-11-25,META,BUY,1.16,0.0378,0.044
2025-11-26,META,BUY,1.25,-0.0041,-0.0051
2025-11-28,META,BUY,1.42,0.0226,0.032
2025-12-01,META,BUY,1.43,-0.0109,-0.0156
2025-12-02,META,BUY,1.5,0.0097,0.0146
2025-12-03,META,BUY,1.49,-0.0116,-0.0172
2025-12-04,META,BUY,1.78,0.0343,0.0609
2025-12-05,META,BUY,1.95,0.018,0.0351
2025-12-08,META,BUY,1.88,-0.0098,-0.0185
2025-12-09,META,SELL,1.74,-0.0148,0.0257
2025-12-10,META,SELL,1.71,-0.0104,0.0177
2025-12-11,META,SELL,1.71,0.004,-0.0068
2025-12-12,META,SELL,2.55,-0.013,0.0331
2025-12-15,META,SELL,2.59,0.0059,-0.0153
2025-12-16,META,SELL,3.3,0.0149,-0.0491
2025-12-17,META,SELL,3.07,-0.0116,0.0357
2025-12-18,META,SELL,3.37,0.023,-0.0775
2025-12-19,META,SELL,3.19,-0.0085,0.0273
2025-12-22,META,SELL,4.0,0.0041,-0.0166
2025-12-23,META,SELL,4.0,0.0052,-0.0208
2025-12-24,META,SELL,4.0,0.0039,-0.0157
2025-12-26,META,SELL,3.76,-0.0064,0.024
2025-12-29,META,SELL,4.0,-0.0069,0.0277
2025-12-30,META,SELL,4.0,0.011,-0.0441
2025-12-31,META,SELL,4.0,-0.0088,0.0352
2026-01-02,META,SELL,3.47,-0.0147,0.0508
2026-01-05,META,SELL,3.69,0.0129,-0.0475
2026-01-06,META,SELL,3.66,0.0028,-0.0102
2026-01-07,META,SELL,2.71,-0.0181,0.049
2026-01-08,META,SELL,2.3,-0.0041,0.0093
2026-01-09,META,SELL,2.46,0.0108,-0.0266
2026-01-12,META,SELL,2.01,-0.017,0.0341
2026-01-13,META,SELL,1.8,-0.0169,0.0305
2026-01-14,META,SELL,1.25,-0.0247,0.0308
2026-01-15,META,SELL,1.32,0.0086,-0.0113
2026-01-16,META,SELL,1.21,-0.0009,0.0011
2026-01-20,META,SELL,0.93,-0.026,0.0242
2026-01-21,META,SELL,1.01,0.0146,-0.0148
2026-01-22,META,SELL,1.29,0.0566,-0.0731
2026-01-23,META,BUY,1.41,0.0172,0.0243
2026-01-26,META,BUY,1.57,0.0206,0.0323
2026-01-27,META,BUY,1.57,0.0009,0.0014
2026-01-28,META,BUY,1.51,-0.0063,-0.0095
2026-01-29,META,BUY,2.63,0.104,0.2741
2026-01-30,META,BUY,1.9,-0.0295,-0.056
2026-02-02,META,BUY,1.75,-0.0141,-0.0247
2026-02-03,META,BUY,1.52,-0.0208,-0.0317
2026-02-04,META,BUY,1.14,-0.0328,-0.0375
2026-02-05,META,BUY,1.14,0.0018,0.0021
2026-02-06,META,BUY,1.05,-0.0131,-0.0138
2026-02-09,META,BUY,1.25,0.0238,0.0299
2026-02-10,META,BUY,1.17,-0.0096,-0.0112
2026-02-11,META,BUY,1.04,-0.003,-0.0031
2026-02-12,META,BUY,0.85,-0.0282,-0.0239
2026-02-13,META,BUY,0.8,-0.0155,-0.0123
2026-02-17,META,BUY,0.75,-0.0008,-0.0006
2026-02-18,META,BUY,0.8,0.0061,0.0049
2026-02-19,META,BUY,0.82,0.0024,0.002
2026-02-20,META,BUY,0.88,0.0169,0.0149
2026-02-23,META,BUY,0.75,-0.0281,-0.021
2026-02-24,META,BUY,0.77,0.0032,0.0025
2026-02-25,META,BUY,0.86,0.0225,0.0194
2026-02-26,META,BUY,0.89,0.0051,0.0045
2026-02-27,META,BUY,0.89,-0.0134,-0.012
2026-03-02,META,BUY,0.95,0.0083,0.0079
2026-03-03,META,BUY,1.01,0.0023,0.0023
2026-03-04,META,BUY,1.07,0.0193,0.0207
2026-03-05,META,BUY,1.02,-0.0107,-0.0109
2026-03-06,META,BUY,1.03,-0.0238,-0.0246
2026-03-09,META,BUY,1.06,0.0039,0.0042
2026-03-10,META,BUY,1.1,0.0103,0.0113
2026-03-11,META,BUY,1.08,0.0012,0.0013
2026-03-12,META,BUY,0.93,-0.0255,-0.0237
2026-03-13,META,BUY,0.72,-0.0383,-0.0276
2026-03-16,META,BUY,0.82,0.0233,0.019
2026-03-17,META,BUY,0.75,-0.0076,-0.0057
2026-03-18,META,BUY,0.83,-0.0112,-0.0093
2026-03-19,META,BUY,0.79,-0.0146,-0.0115
2026-03-20,META,BUY,0.77,-0.0215,-0.0165
2026-03-23,META,BUY,0.84,0.0175,0.0148
2026-03-24,META,BUY,0.83,-0.0184,-0.0152
2026-03-25,META,BUY,0.86,0.0033,0.0028
2026-03-26,META,BUY,0.27,-0.0796,-0.0218
2026-03-27,META,BUY,0.24,-0.0399,-0.0097
2026-03-30,META,BUY,0.27,0.0203,0.0055
2026-03-31,META,BUY,0.37,0.0667,0.0248
2026-04-01,META,BUY,0.41,0.0124,0.0051
2026-04-02,META,BUY,0.41,-0.0082,-0.0034
2026-04-06,META,BUY,0.4,-0.0025,-0.001
2026-04-07,META,BUY,0.4,0.0035,0.0014
2026-04-08,META,BUY,0.56,0.065,0.0366
2026-04-09,META,BUY,0.65,0.0261,0.017
2026-04-10,META,BUY,0.66,0.0023,0.0015
2026-04-13,META,BUY,0.66,0.0074,0.0049
2026-04-14,META,BUY,0.84,0.0441,0.0371
2026-04-15,META,BUY,0.88,0.0137,0.0121
2026-04-16,META,BUY,0.89,0.0079,0.007
2026-04-17,META,BUY,0.93,0.0173,0.016
2026-04-20,META,BUY,0.79,-0.0256,-0.0201
2026-04-21,META,BUY,0.71,-0.0031,-0.0022
2026-04-22,META,BUY,0.72,0.0088,0.0063
2026-04-23,META,BUY,0.62,-0.0231,-0.0142
2026-04-24,META,BUY,0.66,0.0241,0.016
2025-11-11,AMD,BUY,4.0,0.0,0.0
2025-11-12,AMD,BUY,4.0,0.09,0.3599
2025-11-13,AMD,BUY,4.0,-0.0422,-0.1689
2025-11-14,AMD,BUY,0.52,-0.0046,-0.0024
2025-11-17,AMD,BUY,0.56,-0.0255,-0.0142
2025-11-18,AMD,BUY,0.45,-0.0425,-0.0193
2025-11-19,AMD,BUY,0.44,-0.0293,-0.013
2025-11-20,AMD,BUY,0.2,-0.0784,-0.0155
2025-11-21,AMD,BUY,0.2,-0.0109,-0.0021
2025-11-24,AMD,BUY,0.26,0.0553,0.0142
2025-11-25,AMD,BUY,0.24,-0.0415,-0.0098
2025-11-26,AMD,BUY,0.29,0.0393,0.0116
2025-11-28,AMD,BUY,0.33,0.0154,0.005
2025-12-01,AMD,BUY,0.36,0.0103,0.0036
2025-12-02,AMD,BUY,0.35,-0.0206,-0.0072
2025-12-03,AMD,BUY,0.38,0.011,0.0042
2025-12-04,AMD,BUY,0.38,-0.0074,-0.0028
2025-12-05,AMD,BUY,0.4,0.0092,0.0037
2025-12-08,AMD,BUY,0.44,0.0144,0.0063
2025-12-09,AMD,BUY,0.45,0.0023,0.001
2025-12-10,AMD,BUY,0.44,-0.0009,-0.0004
2025-12-11,AMD,BUY,0.46,0.0,0.0
2025-12-12,AMD,BUY,0.38,-0.0481,-0.0184
2025-12-15,AMD,BUY,0.37,-0.0152,-0.0056
2025-12-16,AMD,BUY,0.4,0.0077,0.0031
2025-12-17,AMD,BUY,0.31,-0.0529,-0.0163
2025-12-18,AMD,BUY,0.33,0.0149,0.0049
2025-12-19,AMD,BUY,0.42,0.0615,0.0257
2025-12-22,AMD,BUY,0.59,0.0071,0.0042
2025-12-23,AMD,BUY,0.55,-0.0002,-0.0001
2025-12-24,AMD,BUY,0.54,0.0007,0.0004
2025-12-26,AMD,BUY,0.55,-0.0002,-0.0001
2025-12-29,AMD,BUY,0.55,0.0029,0.0016
2025-12-30,AMD,BUY,0.54,-0.0013,-0.0007
2025-12-31,AMD,BUY,0.53,-0.0055,-0.0029
2026-01-02,AMD,BUY,0.67,0.0435,0.0289
2026-01-05,AMD,BUY,0.64,-0.0107,-0.0068
2026-01-06,AMD,BUY,0.53,-0.0304,-0.016
2026-01-07,AMD,BUY,0.5,-0.0202,-0.0101
2026-01-08,AMD,BUY,0.46,-0.0254,-0.0118
2026-01-09,AMD,BUY,0.47,-0.0074,-0.0035
2026-01-12,AMD,BUY,0.53,0.0222,0.0118
2026-01-13,AMD,BUY,0.72,0.0639,0.0458
2026-01-14,AMD,BUY,0.86,0.0119,0.0102
2026-01-15,AMD,BUY,0.92,0.0193,0.0177
2026-01-16,AMD,BUY,0.96,0.0172,0.0165
2026-01-20,AMD,BUY,1.45,0.0004,0.0006
2026-01-21,AMD,BUY,2.1,0.0771,0.1617
2026-01-22,AMD,BUY,2.17,0.0157,0.0341
2026-01-23,AMD,BUY,2.34,0.0235,0.055
2026-01-26,AMD,BUY,1.68,-0.0322,-0.0542
2026-01-27,AMD,BUY,1.63,0.0029,0.0047
2026-01-28,AMD,BUY,1.69,0.0028,0.0048
2026-01-29,AMD,BUY,1.53,-0.0022,-0.0034
2026-01-30,AMD,BUY,0.69,-0.0613,-0.0423
2026-02-02,AMD,BUY,0.85,0.0403,0.0341
2026-02-03,AMD,BUY,0.77,-0.0169,-0.013
2026-02-04,AMD,BUY,0.1,-0.1731,-0.0175
2026-02-05,AMD,BUY,0.09,-0.0384,-0.0033
2026-02-06,AMD,BUY,0.12,0.0828,0.0102
2026-02-09,AMD,BUY,0.14,0.0363,0.0051
2026-02-10,AMD,BUY,0.13,-0.0112,-0.0015
2026-02-11,AMD,BUY,0.13,0.0,0.0
2026-02-12,AMD,BUY,0.12,-0.0358,-0.0042
2026-02-13,AMD,BUY,0.12,0.0067,0.0008
2026-02-17,AMD,BUY,0.12,-0.0205,-0.0024
2026-02-18,AMD,BUY,0.12,-0.0146,-0.0017
2026-02-19,AMD,BUY,0.13,0.0162,0.0021
2026-02-20,AMD,BUY,0.13,-0.0158,-0.0021
2026-02-23,AMD,BUY,0.13,-0.0177,-0.0024
2026-02-24,AMD,BUY,0.21,0.0877,0.0183
2026-02-25,AMD,BUY,0.2,-0.0139,-0.0028
2026-02-26,AMD,BUY,0.19,-0.0341,-0.0064
2026-02-27,AMD,BUY,0.19,-0.017,-0.0032
2026-03-02,AMD,BUY,0.19,-0.0079,-0.0015
2026-03-03,AMD,BUY,0.17,-0.0386,-0.0066
2026-03-04,AMD,BUY,0.24,0.0582,0.0138
2026-03-05,AMD,BUY,0.22,-0.013,-0.0029
2026-03-06,AMD,BUY,0.69,-0.0352,-0.0244
2026-03-09,AMD,BUY,0.95,0.0533,0.0505
2026-03-10,AMD,BUY,0.98,0.0027,0.0026
2026-03-11,AMD,BUY,1.03,0.0079,0.0081
2026-03-12,AMD,BUY,0.87,-0.0346,-0.03
2026-03-13,AMD,BUY,0.82,-0.022,-0.018
2026-03-16,AMD,BUY,0.93,0.0165,0.0153
2026-03-17,AMD,BUY,0.84,-0.0014,-0.0012
2026-03-18,AMD,BUY,0.87,0.016,0.014
2026-03-19,AMD,BUY,0.98,0.0291,0.0285
2026-03-20,AMD,BUY,0.92,-0.0192,-0.0177
2026-03-23,AMD,BUY,0.92,0.0067,0.0062
2026-03-24,AMD,BUY,0.97,0.0133,0.0128
2026-03-25,AMD,BUY,1.37,0.0726,0.0997
2026-03-26,AMD,BUY,0.56,-0.0749,-0.0422
2026-03-27,AMD,BUY,0.52,-0.0087,-0.0046
2026-03-30,AMD,BUY,0.46,-0.0295,-0.0134
2026-03-31,AMD,BUY,0.55,0.0377,0.0208
2026-04-01,AMD,BUY,0.65,0.0333,0.0216
2026-04-02,AMD,BUY,0.76,0.0347,0.0262
2026-04-06,AMD,BUY,0.77,0.0123,0.0095
2026-04-07,AMD,BUY,0.76,0.0061,0.0046
2026-04-08,AMD,BUY,0.93,0.0464,0.0433
2026-04-09,AMD,BUY,1.01,0.0208,0.0209
2026-04-10,AMD,BUY,1.16,0.0355,0.041
2026-04-13,AMD,BUY,1.07,0.0073,0.0078
2026-04-14,AMD,BUY,1.12,0.0334,0.0373
2026-04-15,AMD,BUY,1.1,0.012,0.0132
2026-04-16,AMD,BUY,1.62,0.078,0.1267
2026-04-17,AMD,BUY,1.47,0.0005,0.0007
2026-04-20,AMD,BUY,1.28,-0.0124,-0.0158
2026-04-21,AMD,BUY,1.31,0.0347,0.0455
2026-04-22,AMD,BUY,1.72,0.0667,0.115
2026-04-23,AMD,BUY,1.6,0.0062,0.0099
2026-04-24,AMD,BUY,3.13,0.1391,0.4352
2025-11-11,GS,BUY,4.0,0.0,0.0
2025-11-12,GS,BUY,4.0,0.0354,0.1415
2025-11-13,GS,BUY,4.0,-0.0399,-0.1596
2025-11-14,GS,BUY,0.94,-0.0181,-0.0171
2025-11-17,GS,BUY,0.93,-0.0194,-0.0181
2025-11-18,GS,BUY,0.93,0.001,0.0009
2025-11-19,GS,BUY,0.98,0.0125,0.0122
2025-11-20,GS,BUY,0.92,-0.0156,-0.0144
2025-11-21,GS,BUY,0.93,0.0004,0.0004
2025-11-24,GS,BUY,1.03,0.0215,0.0222
2025-11-25,GS,BUY,1.12,0.0147,0.0164
2025-11-26,GS,BUY,1.25,0.0171,0.0214
2025-11-28,GS,BUY,1.35,0.0123,0.0166
2025-12-01,GS,BUY,1.28,-0.0184,-0.0236
2025-12-02,GS,BUY,1.37,0.0103,0.0141
2025-12-03,GS,BUY,1.58,0.0262,0.0413
2025-12-04,GS,BUY,1.58,0.0015,0.0024
2025-12-05,GS,BUY,1.74,0.02,0.0347
2025-12-08,GS,BUY,1.84,0.0142,0.0261
2025-12-09,GS,BUY,1.92,0.0114,0.0219
2025-12-10,GS,BUY,2.03,0.0144,0.0293
2025-12-11,GS,BUY,2.3,0.0245,0.0564
2025-12-12,GS,BUY,2.05,-0.0253,-0.0519
2025-12-15,GS,BUY,4.0,0.0018,0.0073
2025-12-16,GS,BUY,3.42,-0.0117,-0.0401
2025-12-17,GS,BUY,2.39,-0.0078,-0.0186
2025-12-18,GS,BUY,2.38,0.0046,0.0108
2025-12-19,GS,BUY,2.54,0.0196,0.0498
2025-12-22,GS,BUY,2.29,0.0062,0.0142
2025-12-23,GS,BUY,2.25,0.003,0.0068
2025-12-24,GS,BUY,2.29,0.0101,0.023
2025-12-26,GS,BUY,1.89,-0.0041,-0.0078
2025-12-29,GS,BUY,1.8,-0.0164,-0.0295
2025-12-30,GS,BUY,1.71,-0.0087,-0.0149
2025-12-31,GS,BUY,1.64,-0.0061,-0.01
2026-01-02,GS,BUY,1.96,0.0402,0.0789
2026-01-05,GS,BUY,2.31,0.0373,0.086
2026-01-06,GS,BUY,2.33,0.0074,0.0173
2026-01-07,GS,BUY,2.15,-0.0151,-0.0326
2026-01-08,GS,BUY,2.04,-0.0066,-0.0134
2026-01-09,GS,BUY,2.06,0.0044,0.0091
2026-01-12,GS,BUY,2.15,0.0113,0.0243
2026-01-13,GS,BUY,2.02,-0.012,-0.0243
2026-01-14,GS,BUY,2.98,-0.0058,-0.0174
2026-01-15,GS,BUY,3.73,0.0463,0.1728
2026-01-16,GS,BUY,3.2,-0.0142,-0.0454
2026-01-20,GS,BUY,2.35,-0.0194,-0.0455
2026-01-21,GS,BUY,2.44,0.0102,0.0249
2026-01-22,GS,BUY,2.41,0.0017,0.0041
2026-01-23,GS,BUY,1.04,-0.0375,-0.0391
2026-01-26,GS,BUY,1.12,0.0141,0.0158
2026-01-27,GS,BUY,1.07,-0.0023,-0.0025
2026-01-28,GS,BUY,1.11,0.0076,0.0084
2026-01-29,GS,BUY,1.1,0.0035,0.0039
2026-01-30,GS,BUY,1.04,-0.005,-0.0052
2026-02-02,GS,BUY,1.09,0.0117,0.0127
2026-02-03,GS,BUY,1.04,-0.0078,-0.0081
2026-02-04,GS,BUY,0.85,-0.0274,-0.0232
2026-02-05,GS,BUY,0.76,-0.0251,-0.019
2026-02-06,GS,BUY,0.89,0.0431,0.0384
2026-02-09,GS,BUY,0.97,0.016,0.0155
2026-02-10,GS,BUY,1.0,0.0057,0.0057
2026-02-11,GS,BUY,0.95,-0.0046,-0.0044
2026-02-12,GS,BUY,0.63,-0.0424,-0.0266
2026-02-13,GS,BUY,0.64,0.0007,0.0004
2026-02-17,GS,BUY,0.68,0.012,0.0082
2026-02-18,GS,BUY,0.73,0.0193,0.0141
2026-02-19,GS,BUY,0.67,-0.0183,-0.0123
2026-02-20,GS,BUY,0.7,0.0061,0.0043
2026-02-23,GS,BUY,0.59,-0.0325,-0.0193
2026-02-24,GS,BUY,0.67,0.0112,0.0075
2026-02-25,GS,BUY,0.75,0.0212,0.0159
2026-02-26,GS,BUY,0.84,0.0083,0.007
2026-02-27,GS,BUY,0.34,-0.0747,-0.0256
2026-03-02,GS,BUY,0.36,0.0078,0.0028
2026-03-03,GS,BUY,0.38,0.001,0.0004
2026-03-04,GS,BUY,0.4,0.0054,0.0022
2026-03-05,GS,BUY,0.36,-0.0367,-0.0133
2026-03-06,GS,BUY,0.33,-0.0168,-0.0056
2026-03-09,GS,BUY,0.36,0.0129,0.0046
2026-03-10,GS,BUY,0.36,0.0021,0.0008
2026-03-11,GS,BUY,0.35,-0.0121,-0.0042
2026-03-12,GS,BUY,0.3,-0.044,-0.0133
2026-03-13,GS,BUY,0.31,-0.0067,-0.0021
2026-03-16,GS,BUY,0.33,0.0161,0.0052
2026-03-17,GS,BUY,0.36,0.0154,0.0056
2026-03-18,GS,BUY,0.36,-0.0019,-0.0007
2026-03-19,GS,BUY,0.38,0.005,0.0019
2026-03-20,GS,BUY,0.38,0.005,0.0019
2026-03-23,GS,BUY,0.43,0.0218,0.0093
2026-03-24,GS,BUY,0.44,0.0054,0.0024
2026-03-25,GS,BUY,0.47,0.0073,0.0034
2026-03-26,GS,BUY,0.44,-0.0228,-0.0099
2026-03-27,GS,BUY,0.42,-0.024,-0.01
2026-03-30,GS,BUY,0.69,0.0059,0.0041
2026-03-31,GS,BUY,0.91,0.0475,0.0434
2026-04-01,GS,BUY,1.01,0.0168,0.017
2026-04-02,GS,BUY,1.02,0.0033,0.0033
2026-04-06,GS,BUY,1.11,0.0035,0.0039
2026-04-07,GS,BUY,1.0,-0.0022,-0.0022
2026-04-08,GS,BUY,1.27,0.0481,0.0611
2026-04-09,GS,BUY,1.21,-0.0022,-0.0027
2026-04-10,GS,BUY,1.14,0.0045,0.0052
2026-04-13,GS,BUY,1.59,-0.0187,-0.0297
2026-04-14,GS,BUY,1.65,0.0211,0.0348
2026-04-15,GS,BUY,1.6,-0.0111,-0.0178
2026-04-16,GS,BUY,1.55,0.0006,0.0009
2026-04-17,GS,BUY,1.83,0.0288,0.0526
2026-04-20,GS,BUY,1.92,0.0171,0.0328
2026-04-21,GS,BUY,1.8,-0.0161,-0.0291
2026-04-22,GS,BUY,1.83,0.0089,0.0164
2026-04-23,GS,BUY,1.69,-0.0038,-0.0064
2026-04-24,GS,BUY,1.59,-0.0047,-0.0075
2025-11-11,JPM,BUY,4.0,0.0,0.0
2025-11-12,JPM,BUY,4.0,0.0152,0.0607
2025-11-13,JPM,BUY,4.0,-0.0341,-0.1364
2025-11-14,JPM,BUY,1.24,-0.019,-0.0235
2025-11-17,JPM,BUY,0.92,-0.0107,-0.0098
2025-11-18,JPM,BUY,0.76,-0.0032,-0.0024
2025-11-19,JPM,BUY,0.81,0.0129,0.0104
2025-11-20,JPM,BUY,0.83,-0.0161,-0.0134
2025-11-21,JPM,BUY,0.77,-0.0012,-0.0009
2025-11-24,JPM,BUY,0.76,-0.0001,-0.0001
2025-11-25,JPM,BUY,0.82,0.0168,0.0138
2025-11-26,JPM,BUY,0.89,0.0153,0.0136
2025-11-28,JPM,BUY,0.96,0.0177,0.0171
2025-12-01,JPM,BUY,0.96,-0.0133,-0.0128
2025-12-02,JPM,BUY,0.97,-0.0034,-0.0033
2025-12-03,JPM,BUY,1.04,0.0138,0.0143
2025-12-04,JPM,BUY,1.1,0.0127,0.014
2025-12-05,JPM,BUY,1.11,-0.0034,-0.0037
2025-12-08,JPM,BUY,1.11,0.0005,0.0006
2025-12-09,JPM,BUY,0.63,-0.0466,-0.0295
2025-12-10,JPM,BUY,0.74,0.0319,0.0237
2025-12-11,JPM,BUY,0.84,0.0234,0.0196
2025-12-12,JPM,BUY,0.85,0.0036,0.003
2025-12-15,JPM,BUY,0.95,0.0047,0.0045
2025-12-16,JPM,BUY,0.89,-0.014,-0.0124
2025-12-17,JPM,BUY,0.86,-0.0018,-0.0015
2025-12-18,JPM,BUY,0.83,-0.0063,-0.0052
2025-12-19,JPM,BUY,0.88,0.0135,0.0118
2025-12-22,JPM,BUY,0.94,0.0185,0.0173
2025-12-23,JPM,BUY,0.94,0.0088,0.0083
2025-12-24,JPM,BUY,0.97,0.0099,0.0096
2025-12-26,JPM,BUY,0.95,-0.0038,-0.0037
2025-12-29,JPM,BUY,0.91,-0.0127,-0.0116
2025-12-30,JPM,BUY,0.89,-0.001,-0.0009
2025-12-31,JPM,BUY,0.86,-0.0037,-0.0032
2026-01-02,JPM,BUY,0.88,0.0101,0.009
2026-01-05,JPM,BUY,1.0,0.0263,0.0264
2026-01-06,JPM,BUY,1.01,0.0062,0.0063
2026-01-07,JPM,BUY,0.86,-0.0228,-0.0197
2026-01-08,JPM,BUY,0.88,0.0086,0.0076
2026-01-09,JPM,BUY,1.75,-0.0018,-0.0032
2026-01-12,JPM,BUY,1.57,-0.0143,-0.0224
2026-01-13,JPM,BUY,0.71,-0.0419,-0.0298
2026-01-14,JPM,BUY,0.72,-0.0097,-0.007
2026-01-15,JPM,BUY,0.73,0.0045,0.0033
2026-01-16,JPM,BUY,0.74,0.0104,0.0077
2026-01-20,JPM,BUY,0.59,-0.0311,-0.0185
2026-01-21,JPM,BUY,0.58,-0.0023,-0.0013
2026-01-22,JPM,BUY,0.6,0.0053,0.0032
2026-01-23,JPM,BUY,0.58,-0.0195,-0.0113
2026-01-26,JPM,BUY,0.62,0.0112,0.007
2026-01-27,JPM,BUY,0.64,-0.0024,-0.0015
2026-01-28,JPM,BUY,0.64,0.0015,0.001
2026-01-29,JPM,BUY,0.68,0.0188,0.0127
2026-01-30,JPM,BUY,0.68,-0.0017,-0.0012
2026-02-02,JPM,BUY,0.7,0.0074,0.0052
2026-02-03,JPM,BUY,0.8,0.0218,0.0173
2026-02-04,JPM,BUY,0.84,0.0077,0.0065
2026-02-05,JPM,BUY,0.78,-0.0224,-0.0176
2026-02-06,JPM,BUY,0.93,0.0395,0.0369
2026-02-09,JPM,BUY,0.93,-0.0009,-0.0009
2026-02-10,JPM,BUY,0.92,-0.0119,-0.0109
2026-02-11,JPM,BUY,0.8,-0.0234,-0.0187
2026-02-12,JPM,BUY,0.85,-0.0263,-0.0225
2026-02-13,JPM,BUY,0.81,-0.0003,-0.0002
2026-02-17,JPM,BUY,0.87,0.0151,0.0132
2026-02-18,JPM,BUY,0.89,0.0054,0.0048
2026-02-19,JPM,BUY,1.0,-0.0024,-0.0024
2026-02-20,JPM,BUY,1.05,0.0089,0.0093
2026-02-23,JPM,BUY,0.63,-0.0422,-0.0267
2026-02-24,JPM,BUY,0.61,-0.0012,-0.0008
2026-02-25,JPM,BUY,0.68,0.0202,0.0136
2026-02-26,JPM,BUY,0.71,0.0093,0.0066
2026-02-27,JPM,BUY,0.66,-0.019,-0.0125
2026-03-02,JPM,BUY,0.66,-0.0091,-0.006
2026-03-03,JPM,BUY,0.69,0.0091,0.0062
2026-03-04,JPM,BUY,0.69,-0.0029,-0.002
2026-03-05,JPM,BUY,0.66,-0.0195,-0.0129
2026-03-06,JPM,BUY,0.65,-0.0139,-0.0091
2026-03-09,JPM,BUY,0.66,0.0015,0.001
2026-03-10,JPM,BUY,0.68,-0.0041,-0.0028
2026-03-11,JPM,BUY,0.69,-0.0042,-0.0029
2026-03-12,JPM,BUY,0.66,-0.0161,-0.0106
2026-03-13,JPM,BUY,0.67,0.0019,0.0013
2026-03-16,JPM,BUY,0.72,0.0096,0.007
2026-03-17,JPM,BUY,0.74,0.0026,0.0019
2026-03-18,JPM,BUY,0.77,0.003,0.0023
2026-03-19,JPM,BUY,0.78,0.0008,0.0006
2026-03-20,JPM,BUY,0.79,-0.0049,-0.0039
2026-03-23,JPM,BUY,0.85,0.0117,0.0099
2026-03-24,JPM,BUY,1.51,0.0086,0.013
2026-03-25,JPM,BUY,1.72,0.0103,0.0177
2026-03-26,JPM,BUY,1.66,-0.0127,-0.0211
2026-03-27,JPM,BUY,1.09,-0.0302,-0.033
2026-03-30,JPM,BUY,1.11,0.0033,0.0036
2026-03-31,JPM,BUY,1.3,0.0366,0.0477
2026-04-01,JPM,BUY,1.33,0.0041,0.0055
2026-04-02,JPM,BUY,1.3,-0.0026,-0.0034
2026-04-06,JPM,BUY,1.4,0.008,0.0113
2026-04-07,JPM,BUY,1.41,0.0066,0.0093
2026-04-08,JPM,BUY,1.68,0.0355,0.0596
2026-04-09,JPM,BUY,1.68,0.0077,0.0129
2026-04-10,JPM,BUY,1.56,-0.0015,-0.0023
2026-04-13,JPM,BUY,1.55,0.0123,0.019
2026-04-14,JPM,BUY,1.55,-0.0082,-0.0127
2026-04-15,JPM,BUY,1.43,-0.0167,-0.0238
2026-04-16,JPM,BUY,1.5,0.0131,0.0197
2026-04-17,JPM,BUY,1.48,0.0011,0.0016
2026-04-20,JPM,BUY,1.61,0.0216,0.0348
2026-04-21,JPM,BUY,1.53,-0.0126,-0.0192
2026-04-22,JPM,BUY,1.5,0.0001,0.0001
2026-04-23,JPM,BUY,1.44,-0.0042,-0.0061
2026-04-24,JPM,BUY,1.38,-0.0109,-0.0152
2025-11-11,XOM,BUY,4.0,0.0,0.0
2025-11-12,XOM,BUY,4.0,-0.0139,-0.0554
2025-11-13,XOM,BUY,4.0,0.0057,0.0227
2025-11-14,XOM,BUY,4.0,0.013,0.052
2025-11-17,XOM,BUY,4.0,-0.0135,-0.054
2025-11-18,XOM,BUY,4.0,0.0115,0.0459
2025-11-19,XOM,BUY,4.0,-0.0141,-0.0565
2025-11-20,XOM,BUY,2.21,-0.0028,-0.0062
2025-11-21,XOM,BUY,2.2,0.0005,0.0011
2025-11-24,XOM,BUY,2.32,-0.0095,-0.022
2025-11-25,XOM,BUY,2.35,-0.0126,-0.0295
2025-11-26,XOM,BUY,2.38,0.0023,0.0054
2025-11-28,XOM,BUY,2.49,0.01,0.0249
2025-12-01,XOM,BUY,2.55,0.0061,0.0156
2025-12-02,XOM,BUY,2.59,-0.0107,-0.0278
2025-12-03,XOM,BUY,2.84,0.021,0.0597
2025-12-04,XOM,BUY,2.6,-0.0056,-0.0146
2025-12-05,XOM,BUY,2.44,-0.0051,-0.0125
2025-12-08,XOM,BUY,2.34,-0.0048,-0.0113
2025-12-09,XOM,BUY,2.58,0.0196,0.0504
2025-12-10,XOM,BUY,2.72,0.0109,0.0296
2025-12-11,XOM,BUY,2.7,0.0,0.0
2025-12-12,XOM,BUY,2.78,-0.006,-0.0167
2025-12-15,XOM,BUY,2.77,-0.0089,-0.0247
2025-12-16,XOM,BUY,1.5,-0.0262,-0.0393
2025-12-17,XOM,BUY,1.65,0.0238,0.0392
2025-12-18,XOM,BUY,1.65,-0.0074,-0.0122
2025-12-19,XOM,BUY,1.64,0.0013,0.0021
2025-12-22,XOM,BUY,1.76,0.0125,0.022
2025-12-23,XOM,BUY,1.86,0.0107,0.02
2025-12-24,XOM,BUY,1.71,-0.0017,-0.0029
2025-12-26,XOM,BUY,1.64,-0.0009,-0.0015
2025-12-29,XOM,BUY,1.73,0.0119,0.0207
2025-12-30,XOM,BUY,1.74,0.0038,0.0067
2025-12-31,XOM,BUY,1.7,-0.0054,-0.0091
2026-01-02,XOM,BUY,1.87,0.0192,0.0358
2026-01-05,XOM,BUY,2.06,0.0221,0.0454
2026-01-06,XOM,BUY,1.06,-0.0344,-0.0363
2026-01-07,XOM,BUY,0.9,-0.0211,-0.019
2026-01-08,XOM,BUY,1.09,0.0373,0.0407
2026-01-09,XOM,BUY,1.15,0.0138,0.016
2026-01-12,XOM,BUY,1.12,-0.0047,-0.0052
2026-01-13,XOM,BUY,1.26,0.0202,0.0254
2026-01-14,XOM,BUY,1.41,0.0289,0.0409
2026-01-15,XOM,BUY,1.31,-0.0082,-0.0107
2026-01-16,XOM,BUY,1.41,0.0059,0.0083
2026-01-20,XOM,BUY,1.4,0.0044,0.0061
2026-01-21,XOM,BUY,1.47,0.0241,0.0356
2026-01-22,XOM,BUY,1.43,0.0002,0.0003
2026-01-23,XOM,BUY,1.45,0.01,0.0145
2026-01-26,XOM,BUY,1.41,-0.001,-0.0014
2026-01-27,XOM,BUY,1.45,0.0148,0.0214
2026-01-28,XOM,BUY,1.44,0.0055,0.0079
2026-01-29,XOM,BUY,1.55,0.0213,0.0331
2026-01-30,XOM,BUY,1.54,0.0063,0.0098
2026-02-02,XOM,BUY,1.34,-0.0212,-0.0283
2026-02-03,XOM,BUY,1.58,0.0385,0.0608
2026-02-04,XOM,BUY,1.73,0.0269,0.0464
2026-02-05,XOM,BUY,2.33,-0.0102,-0.0238
2026-02-06,XOM,BUY,2.82,0.0203,0.0574
2026-02-09,XOM,BUY,2.89,0.0145,0.0419
2026-02-10,XOM,BUY,2.78,0.0025,0.007
2026-02-11,XOM,BUY,2.89,0.0262,0.0758
2026-02-12,XOM,BUY,1.65,-0.0298,-0.0491
2026-02-13,XOM,BUY,1.6,-0.0099,-0.0158
2026-02-17,XOM,BUY,1.47,-0.0152,-0.0224
2026-02-18,XOM,BUY,1.66,0.0307,0.051
2026-02-19,XOM,BUY,1.62,0.0019,0.0031
2026-02-20,XOM,BUY,1.35,-0.0244,-0.0331
2026-02-23,XOM,BUY,1.49,0.0236,0.0352
2026-02-24,XOM,BUY,1.4,-0.0099,-0.014
2026-02-25,XOM,BUY,1.37,-0.0013,-0.0018
2026-02-26,XOM,BUY,1.25,-0.0035,-0.0044
2026-02-27,XOM,BUY,1.41,0.0267,0.0375
2026-03-02,XOM,BUY,1.45,0.0113,0.0164
2026-03-03,XOM,BUY,1.34,-0.0155,-0.0208
2026-03-04,XOM,BUY,1.29,-0.0132,-0.0171
2026-03-05,XOM,BUY,1.31,0.0063,0.0082
2026-03-06,XOM,BUY,1.3,0.003,0.0039
2026-03-09,XOM,BUY,1.22,-0.0051,-0.0062
2026-03-10,XOM,BUY,1.14,-0.0154,-0.0175
2026-03-11,XOM,BUY,1.27,0.0233,0.0297
2026-03-12,XOM,BUY,1.37,0.0129,0.0176
2026-03-13,XOM,BUY,1.47,0.0169,0.0248
2026-03-16,XOM,BUY,1.97,0.0071,0.014
2026-03-17,XOM,BUY,1.99,0.01,0.02
2026-03-18,XOM,BUY,1.91,-0.0077,-0.0146
2026-03-19,XOM,BUY,1.9,0.0036,0.0069
2026-03-20,XOM,BUY,1.96,0.0095,0.0187
2026-03-23,XOM,BUY,2.8,0.0091,0.0256
2026-03-24,XOM,BUY,3.13,0.0264,0.0826
2026-03-25,XOM,BUY,2.77,-0.0128,-0.0355
2026-03-26,XOM,BUY,3.35,0.0133,0.0446
2026-03-27,XOM,BUY,4.0,0.0336,0.1344
2026-03-30,XOM,BUY,4.0,0.0028,0.0112
2026-03-31,XOM,BUY,4.0,-0.0106,-0.0422
2026-04-01,XOM,BUY,0.79,-0.0523,-0.0412
2026-04-02,XOM,BUY,0.73,-0.0006,-0.0004
2026-04-06,XOM,BUY,0.78,0.0167,0.013
2026-04-07,XOM,BUY,0.77,0.0033,0.0026
2026-04-08,XOM,BUY,0.5,-0.0469,-0.0236
2026-04-09,XOM,BUY,0.47,-0.0076,-0.0036
2026-04-10,XOM,BUY,0.45,-0.0163,-0.0073
2026-04-13,XOM,BUY,0.45,0.0009,0.0004
2026-04-14,XOM,BUY,0.41,-0.0223,-0.0092
2026-04-15,XOM,BUY,0.41,-0.0015,-0.0006
2026-04-16,XOM,BUY,0.46,0.0199,0.0091
2026-04-17,XOM,BUY,0.38,-0.0365,-0.0138
2026-04-20,XOM,BUY,0.4,0.0085,0.0034
2026-04-21,XOM,BUY,0.42,0.0046,0.0019
2026-04-22,XOM,BUY,0.44,0.0077,0.0034
2026-04-23,XOM,BUY,0.47,0.0069,0.0032
2026-04-24,XOM,BUY,0.45,-0.0108,-0.0049
2025-11-11,UNH,BUY,4.0,0.0,0.0
2025-11-12,UNH,BUY,4.0,0.0355,0.1418
2025-11-13,UNH,BUY,4.0,-0.0193,-0.0772
2025-11-14,UNH,BUY,1.14,-0.0321,-0.0366
2025-11-17,UNH,BUY,0.65,-0.0042,-0.0027
2025-11-18,UNH,BUY,0.69,-0.0217,-0.015
2025-11-19,UNH,BUY,0.73,-0.0143,-0.0105
2025-11-20,UNH,BUY,0.79,0.0079,0.0062
2025-11-21,UNH,BUY,0.92,0.0271,0.0249
2025-11-24,UNH,BUY,0.85,-0.0029,-0.0024
2025-11-25,UNH,BUY,0.97,0.0227,0.0221
2025-11-26,UNH,BUY,1.05,0.0105,0.011
2025-11-28,UNH,BUY,1.06,0.0002,0.0002
2025-12-01,UNH,BUY,1.04,-0.0199,-0.0207
2025-12-02,UNH,BUY,1.07,0.0041,0.0044
2025-12-03,UNH,BUY,1.38,0.0467,0.0647
2025-12-04,UNH,BUY,1.3,-0.0183,-0.0238
2025-12-05,UNH,BUY,1.24,-0.0077,-0.0096
2025-12-08,UNH,BUY,1.21,-0.0155,-0.0187
2025-12-09,UNH,BUY,1.1,-0.0001,-0.0001
2025-12-10,UNH,BUY,1.18,0.0147,0.0174
2025-12-11,UNH,BUY,1.37,0.0255,0.0348
2025-12-12,UNH,BUY,1.45,0.0152,0.022
2025-12-15,UNH,BUY,1.36,-0.0022,-0.0029
2025-12-16,UNH,BUY,1.49,-0.0202,-0.0301
2025-12-17,UNH,BUY,1.45,-0.0077,-0.0111
2025-12-18,UNH,BUY,1.49,-0.0105,-0.0157
2025-12-19,UNH,BUY,1.4,-0.0022,-0.0031
2025-12-22,UNH,BUY,1.36,-0.0069,-0.0094
2025-12-23,UNH,BUY,1.31,-0.0011,-0.0015
2025-12-24,UNH,BUY,1.35,0.0086,0.0116
2025-12-26,UNH,BUY,1.44,0.013,0.0187
2025-12-29,UNH,BUY,1.43,-0.0087,-0.0125
2025-12-30,UNH,BUY,1.49,0.0098,0.0146
2025-12-31,UNH,BUY,1.6,-0.0062,-0.0099
2026-01-02,UNH,BUY,1.76,0.0191,0.0335
2026-01-05,UNH,BUY,1.9,0.0167,0.0317
2026-01-06,UNH,BUY,2.3,0.0203,0.0466
2026-01-07,UNH,BUY,1.68,-0.0208,-0.035
2026-01-08,UNH,BUY,1.87,0.0151,0.0281
2026-01-09,UNH,BUY,1.89,-0.0083,-0.0156
2026-01-12,UNH,BUY,1.79,-0.0101,-0.0181
2026-01-13,UNH,BUY,1.53,-0.0193,-0.0295
2026-01-14,UNH,BUY,1.56,0.0031,0.0048
2026-01-15,UNH,BUY,1.68,0.0119,0.02
2026-01-16,UNH,BUY,1.39,-0.0234,-0.0325
2026-01-20,UNH,BUY,1.5,0.0224,0.0335
2026-01-21,UNH,BUY,1.69,0.0275,0.0465
2026-01-22,UNH,BUY,1.92,0.0193,0.0372
2026-01-23,UNH,BUY,1.91,0.005,0.0096
2026-01-26,UNH,BUY,2.11,-0.013,-0.0273
2026-01-27,UNH,BUY,0.08,-0.1961,-0.015
2026-01-28,UNH,BUY,0.09,0.04,0.0037
2026-01-29,UNH,BUY,0.09,-0.0059,-0.0005
2026-01-30,UNH,BUY,0.09,-0.0183,-0.0017
2026-02-02,UNH,BUY,0.09,-0.0047,-0.0004
2026-02-03,UNH,BUY,0.1,-0.0049,-0.0005
2026-02-04,UNH,BUY,0.09,-0.0291,-0.0028
2026-02-05,UNH,BUY,0.09,-0.0267,-0.0025
2026-02-06,UNH,BUY,0.11,0.0302,0.0032
2026-02-09,UNH,BUY,0.11,-0.0034,-0.0004
2026-02-10,UNH,BUY,0.11,-0.009,-0.001
2026-02-11,UNH,BUY,0.13,0.0208,0.0026
2026-02-12,UNH,BUY,0.14,0.0196,0.0027
2026-02-13,UNH,BUY,0.16,0.031,0.0051
2026-02-17,UNH,BUY,0.16,-0.014,-0.0023
2026-02-18,UNH,BUY,0.17,-0.0031,-0.0005
2026-02-19,UNH,BUY,0.18,0.006,0.0011
2026-02-20,UNH,BUY,0.19,0.0002,0.0
2026-02-23,UNH,BUY,0.19,-0.0264,-0.0049
2026-02-24,UNH,BUY,0.18,-0.0297,-0.0053
2026-02-25,UNH,BUY,0.21,0.0374,0.0077
2026-02-26,UNH,BUY,1.03,0.0087,0.0089
2026-02-27,UNH,BUY,1.15,0.0231,0.0266
2026-03-02,UNH,BUY,1.17,0.0057,0.0066
2026-03-03,UNH,BUY,1.05,-0.0194,-0.0203
2026-03-04,UNH,BUY,1.13,0.0095,0.0108
2026-03-05,UNH,BUY,1.11,-0.0109,-0.0121
2026-03-06,UNH,BUY,1.12,-0.0079,-0.0089
2026-03-09,UNH,BUY,1.22,0.0032,0.0039
2026-03-10,UNH,BUY,1.16,-0.0099,-0.0115
2026-03-11,UNH,BUY,1.27,0.0103,0.0131
2026-03-12,UNH,BUY,0.99,-0.0287,-0.0285
2026-03-13,UNH,BUY,1.08,0.0182,0.0197
2026-03-16,UNH,BUY,1.15,0.0121,0.0138
2026-03-17,UNH,BUY,1.17,0.0073,0.0085
2026-03-18,UNH,BUY,1.1,-0.0113,-0.0123
2026-03-19,UNH,BUY,1.17,-0.0137,-0.0159
2026-03-20,UNH,BUY,1.11,-0.0173,-0.0193
2026-03-23,UNH,BUY,1.04,-0.022,-0.0229
2026-03-24,UNH,BUY,1.12,0.0102,0.0114
2026-03-25,UNH,BUY,1.22,-0.0064,-0.0078
2026-03-26,UNH,BUY,1.2,-0.0092,-0.011
2026-03-27,UNH,BUY,0.83,-0.0337,-0.0279
2026-03-30,UNH,BUY,0.89,0.0107,0.0096
2026-03-31,UNH,SELL,1.06,0.0336,-0.0357
2026-04-01,UNH,SELL,1.11,0.0125,-0.0138
2026-04-02,UNH,SELL,1.18,0.012,-0.0142
2026-04-06,UNH,SELL,1.24,0.0148,-0.0183
2026-04-07,UNH,SELL,2.08,0.0937,-0.1952
2026-04-08,UNH,SELL,1.89,-0.0057,0.0107
2026-04-09,UNH,SELL,1.87,0.003,-0.0057
2026-04-10,UNH,SELL,1.72,-0.0084,0.0145
2026-04-13,UNH,SELL,2.19,0.0285,-0.0623
2026-04-14,UNH,SELL,2.16,0.0038,-0.0082
2026-04-15,UNH,SELL,1.94,-0.0004,0.0009
2026-04-16,UNH,SELL,1.96,0.0075,-0.0146
2026-04-17,UNH,SELL,2.11,0.026,-0.0549
2026-04-20,UNH,SELL,1.9,-0.0035,0.0067
2026-04-21,UNH,SELL,2.55,0.0696,-0.1778
2026-04-22,UNH,SELL,2.77,0.0217,-0.0602
2026-04-23,UNH,SELL,2.6,0.0029,-0.0076
2026-04-24,UNH,SELL,2.28,0.001,-0.0023
2025-11-11,V,BUY,4.0,0.0,0.0
2025-11-12,V,BUY,4.0,0.0019,0.0074
2025-11-13,V,BUY,4.0,-0.0083,-0.0331
2025-11-14,V,BUY,1.76,-0.018,-0.0317
2025-11-17,V,BUY,2.04,-0.0129,-0.0265
2025-11-18,V,BUY,2.23,-0.014,-0.0313
2025-11-19,V,BUY,2.36,0.0092,0.0216
2025-11-20,V,BUY,1.43,-0.0011,-0.0015
2025-11-21,V,BUY,1.55,0.013,0.0201
2025-11-24,V,BUY,1.6,0.004,0.0064
2025-11-25,V,BUY,1.74,0.0159,0.0277
2025-11-26,V,BUY,1.62,-0.0022,-0.0036
2025-11-28,V,BUY,1.65,0.0019,0.0032
2025-12-01,V,BUY,1.67,-0.0121,-0.0202
2025-12-02,V,BUY,1.61,-0.0023,-0.0038
2025-12-03,V,BUY,1.54,-0.0,-0.0
2025-12-04,V,BUY,1.58,-0.0076,-0.012
2025-12-05,V,BUY,1.69,0.0127,0.0214
2025-12-08,V,BUY,1.61,-0.0133,-0.0214
2025-12-09,V,BUY,1.58,-0.001,-0.0016
2025-12-10,V,BUY,1.59,-0.0024,-0.0038
2025-12-11,V,BUY,2.15,0.0611,0.1311
2025-12-12,V,BUY,2.2,0.0064,0.014
2025-12-15,V,BUY,2.1,-0.0027,-0.0057
2025-12-16,V,BUY,2.37,-0.0051,-0.0122
2025-12-17,V,BUY,2.5,-0.002,-0.0051
2025-12-18,V,BUY,2.97,0.0046,0.0138
2025-12-19,V,BUY,3.06,0.0094,0.0286
2025-12-22,V,BUY,3.14,0.0081,0.0256
2025-12-23,V,BUY,3.13,0.0037,0.0115
2025-12-24,V,BUY,3.17,0.005,0.0158
2025-12-26,V,BUY,3.05,-0.0004,-0.0012
2025-12-29,V,BUY,2.95,-0.0011,-0.0032
2025-12-30,V,BUY,2.9,-0.0028,-0.0081
2025-12-31,V,BUY,3.11,-0.0082,-0.0256
2026-01-02,V,BUY,2.46,-0.0121,-0.0297
2026-01-05,V,BUY,2.79,0.0211,0.0589
2026-01-06,V,BUY,2.89,0.0106,0.0308
2026-01-07,V,BUY,2.82,-0.0047,-0.0132
2026-01-08,V,BUY,2.97,-0.0103,-0.0304
2026-01-09,V,BUY,2.87,-0.007,-0.02
2026-01-12,V,BUY,1.79,-0.0188,-0.0336
2026-01-13,V,BUY,0.64,-0.0446,-0.0288
2026-01-14,V,BUY,0.66,0.0039,0.0026
2026-01-15,V,BUY,0.66,-0.0043,-0.0029
2026-01-16,V,BUY,0.65,0.0017,0.0011
2026-01-20,V,BUY,0.65,-0.0076,-0.0049
2026-01-21,V,BUY,0.67,-0.0017,-0.0011
2026-01-22,V,BUY,0.69,0.0033,0.0023
2026-01-23,V,BUY,0.71,-0.0006,-0.0004
2026-01-26,V,BUY,0.75,0.0071,0.0053
2026-01-27,V,BUY,0.76,-0.0098,-0.0074
2026-01-28,V,BUY,0.78,0.0053,0.0041
2026-01-29,V,BUY,0.84,0.0147,0.0124
2026-01-30,V,BUY,0.68,-0.03,-0.0205
2026-02-02,V,BUY,0.8,0.0373,0.0297
2026-02-03,V,BUY,0.75,-0.0147,-0.0111
2026-02-04,V,BUY,0.78,0.0031,0.0024
2026-02-05,V,BUY,0.8,-0.0025,-0.002
2026-02-06,V,BUY,0.82,0.0074,0.0061
2026-02-09,V,BUY,0.76,-0.0181,-0.0137
2026-02-10,V,BUY,0.78,0.01,0.0078
2026-02-11,V,BUY,0.76,0.0033,0.0025
2026-02-12,V,BUY,1.09,-0.0154,-0.0168
2026-02-13,V,BUY,0.81,-0.0312,-0.0251
2026-02-17,V,BUY,0.87,0.0173,0.0149
2026-02-18,V,BUY,0.88,0.0025,0.0022
2026-02-19,V,BUY,0.85,-0.0043,-0.0036
2026-02-20,V,BUY,0.91,0.0063,0.0058
2026-02-23,V,BUY,0.56,-0.045,-0.0251
2026-02-24,V,BUY,0.59,0.0023,0.0014
2026-02-25,V,BUY,0.65,0.0188,0.0123
2026-02-26,V,BUY,0.71,0.0119,0.0084
2026-02-27,V,BUY,0.76,0.0109,0.0082
2026-03-02,V,BUY,0.76,0.0012,0.0009
2026-03-03,V,BUY,0.78,0.001,0.0008
2026-03-04,V,BUY,0.72,-0.0011,-0.0008
2026-03-05,V,BUY,0.69,-0.0021,-0.0014
2026-03-06,V,BUY,0.67,-0.0076,-0.0051
2026-03-09,V,BUY,0.67,-0.0044,-0.003
2026-03-10,V,BUY,0.68,-0.0049,-0.0033
2026-03-11,V,BUY,0.64,-0.0174,-0.0111
2026-03-12,V,BUY,0.65,-0.008,-0.0052
2026-03-13,V,BUY,0.67,0.0021,0.0014
2026-03-16,V,BUY,0.67,0.0097,0.0065
2026-03-17,V,BUY,0.73,-0.0053,-0.0039
2026-03-18,V,BUY,0.6,-0.0306,-0.0183
2026-03-19,V,BUY,0.61,0.0023,0.0014
2026-03-20,V,BUY,0.62,0.0064,0.004
2026-03-23,V,BUY,0.65,0.0093,0.0061
2026-03-24,V,BUY,1.03,-0.0022,-0.0023
2026-03-25,V,BUY,1.05,0.0038,0.004
2026-03-26,V,BUY,1.07,0.002,0.0022
2026-03-27,V,BUY,0.74,-0.0328,-0.0243
2026-03-30,V,BUY,0.8,0.0136,0.0109
2026-03-31,V,BUY,0.85,0.009,0.0077
2026-04-01,V,BUY,0.85,-0.0123,-0.0105
2026-04-02,V,BUY,0.9,0.0077,0.0069
2026-04-06,V,BUY,0.94,0.0084,0.0079
2026-04-07,V,BUY,0.91,-0.0026,-0.0023
2026-04-08,V,BUY,1.0,0.0212,0.0213
2026-04-09,V,BUY,0.97,-0.0022,-0.0021
2026-04-10,V,BUY,0.93,-0.0127,-0.0118
2026-04-13,V,BUY,1.0,0.0165,0.0166
2026-04-14,V,BUY,1.04,0.0064,0.0066
2026-04-15,V,BUY,1.12,0.0146,0.0163
2026-04-16,V,BUY,1.07,-0.0026,-0.0027
2026-04-17,V,BUY,1.3,0.0061,0.0079
2026-04-20,V,BUY,1.27,-0.0097,-0.0124
2026-04-21,V,BUY,1.21,-0.0127,-0.0154
2026-04-22,V,BUY,1.23,0.0044,0.0053
2026-04-23,V,BUY,1.22,-0.0077,-0.0094
2026-04-24,V,BUY,1.22,0.0017,0.0021
2025-11-11,MA,BUY,4.0,0.0,0.0
2025-11-12,MA,BUY,4.0,0.0052,0.0206
2025-11-13,MA,BUY,4.0,-0.0101,-0.0403
2025-11-14,MA,BUY,2.32,-0.0177,-0.0412
2025-11-17,MA,BUY,2.51,-0.0163,-0.0408
2025-11-18,MA,BUY,2.53,-0.0173,-0.0437
2025-11-19,MA,BUY,2.64,0.0053,0.0139
2025-11-20,MA,BUY,1.6,-0.0047,-0.0075
2025-11-21,MA,BUY,1.81,0.0237,0.043
2025-11-24,MA,BUY,1.63,-0.0047,-0.0077
2025-11-25,MA,BUY,1.78,0.016,0.0285
2025-11-26,MA,BUY,1.63,-0.0028,-0.0046
2025-11-28,MA,BUY,1.71,0.0103,0.0176
2025-12-01,MA,BUY,1.73,-0.0119,-0.0206
2025-12-02,MA,BUY,1.76,0.0036,0.0063
2025-12-03,MA,BUY,1.89,0.0143,0.027
2025-12-04,MA,BUY,1.57,-0.0206,-0.0323
2025-12-05,MA,BUY,1.62,0.0059,0.0096
2025-12-08,MA,BUY,1.62,-0.0093,-0.0151
2025-12-09,MA,BUY,1.59,-0.0053,-0.0085
2025-12-10,MA,BUY,1.63,0.0024,0.004
2025-12-11,MA,BUY,2.04,0.0455,0.0926
2025-12-12,MA,BUY,2.2,0.0152,0.0335
2025-12-15,MA,BUY,2.05,-0.0049,-0.01
2025-12-16,MA,BUY,2.08,-0.0055,-0.0114
2025-12-17,MA,BUY,2.06,-0.001,-0.002
2025-12-18,MA,BUY,2.31,0.0013,0.003
2025-12-19,MA,BUY,2.4,0.0106,0.0255
2025-12-22,MA,BUY,2.38,0.0061,0.0145
2025-12-23,MA,BUY,2.34,0.0011,0.0026
2025-12-24,MA,BUY,2.31,0.0054,0.0124
2025-12-26,MA,BUY,2.27,0.0003,0.0006
2025-12-29,MA,BUY,2.21,-0.0029,-0.0065
2025-12-30,MA,BUY,2.09,-0.0008,-0.0017
2025-12-31,MA,BUY,1.97,-0.0113,-0.0223
2026-01-02,MA,BUY,1.76,-0.0136,-0.0239
2026-01-05,MA,BUY,1.82,0.0097,0.0175
2026-01-06,MA,BUY,2.92,0.0207,0.0605
2026-01-07,MA,BUY,2.75,-0.0007,-0.002
2026-01-08,MA,BUY,2.74,0.0003,0.0007
2026-01-09,MA,BUY,2.6,-0.0063,-0.0164
2026-01-12,MA,BUY,1.92,-0.0161,-0.0309
2026-01-13,MA,BUY,0.77,-0.0376,-0.0291
2026-01-14,MA,BUY,0.79,0.0034,0.0027
2026-01-15,MA,BUY,0.78,-0.0076,-0.0059
2026-01-16,MA,BUY,0.76,-0.0058,-0.0045
2026-01-20,MA,BUY,0.74,-0.0144,-0.0107
2026-01-21,MA,BUY,0.76,-0.0078,-0.006
2026-01-22,MA,BUY,0.81,0.01,0.0081
2026-01-23,MA,BUY,0.8,-0.0152,-0.0121
2026-01-26,MA,BUY,0.83,0.005,0.0042
2026-01-27,MA,BUY,0.83,-0.0132,-0.0109
2026-01-28,MA,BUY,0.86,0.0018,0.0016
2026-01-29,MA,BUY,1.06,0.0429,0.0454
2026-01-30,MA,BUY,1.09,-0.0091,-0.0099
2026-02-02,MA,BUY,1.22,0.0308,0.0376
2026-02-03,MA,BUY,1.17,-0.0084,-0.0098
2026-02-04,MA,BUY,1.22,0.0051,0.0062
2026-02-05,MA,BUY,1.22,-0.0029,-0.0036
2026-02-06,MA,BUY,1.25,-0.0057,-0.0071
2026-02-09,MA,BUY,1.08,-0.0244,-0.0265
2026-02-10,MA,BUY,1.13,0.0095,0.0107
2026-02-11,MA,BUY,1.08,-0.0054,-0.0059
2026-02-12,MA,BUY,1.54,-0.0186,-0.0287
2026-02-13,MA,BUY,1.42,-0.0173,-0.0246
2026-02-17,MA,BUY,1.45,0.0069,0.01
2026-02-18,MA,BUY,1.53,0.0116,0.0177
2026-02-19,MA,BUY,1.43,-0.0146,-0.0209
2026-02-20,MA,BUY,1.48,0.0118,0.0175
2026-02-23,MA,BUY,0.51,-0.0577,-0.0293
2026-02-24,MA,BUY,0.5,0.004,0.002
2026-02-25,MA,BUY,0.56,0.0229,0.0128
2026-02-26,MA,BUY,0.57,0.0106,0.006
2026-02-27,MA,BUY,0.59,0.0047,0.0028
2026-03-02,MA,BUY,0.61,0.0073,0.0045
2026-03-03,MA,BUY,0.63,0.0064,0.004
2026-03-04,MA,BUY,0.62,-0.0027,-0.0017
2026-03-05,MA,BUY,0.62,0.0033,0.0021
2026-03-06,MA,BUY,0.63,-0.0044,-0.0028
2026-03-09,MA,BUY,0.62,-0.0088,-0.0055
2026-03-10,MA,BUY,0.61,-0.0058,-0.0035
2026-03-11,MA,BUY,0.57,-0.0208,-0.0118
2026-03-12,MA,BUY,0.57,-0.0133,-0.0075
2026-03-13,MA,BUY,0.57,0.0014,0.0008
2026-03-16,MA,BUY,0.6,0.0211,0.0127
2026-03-17,MA,BUY,0.58,-0.0038,-0.0022
2026-03-18,MA,BUY,0.48,-0.0357,-0.0171
2026-03-19,MA,BUY,0.5,0.0055,0.0027
2026-03-20,MA,BUY,0.51,0.0105,0.0053
2026-03-23,MA,BUY,0.52,0.0082,0.0043
2026-03-24,MA,BUY,0.91,-0.0029,-0.0026
2026-03-25,MA,BUY,0.95,0.0077,0.0073
2026-03-26,MA,BUY,0.92,-0.004,-0.0037
2026-03-27,MA,BUY,0.69,-0.033,-0.0228
2026-03-30,MA,BUY,0.77,0.0202,0.0155
2026-03-31,MA,BUY,0.83,0.0115,0.0095
2026-04-01,MA,BUY,0.81,-0.016,-0.0129
2026-04-02,MA,BUY,0.83,0.0036,0.003
2026-04-06,MA,BUY,0.91,0.0163,0.0148
2026-04-07,MA,BUY,0.9,-0.0064,-0.0058
2026-04-08,MA,BUY,0.95,0.0177,0.0168
2026-04-09,MA,BUY,0.92,-0.0053,-0.0049
2026-04-10,MA,BUY,0.89,-0.0098,-0.0087
2026-04-13,MA,BUY,0.97,0.0199,0.0194
2026-04-14,MA,BUY,1.02,0.009,0.0092
2026-04-15,MA,BUY,1.08,0.0133,0.0143
2026-04-16,MA,BUY,1.04,-0.0027,-0.0028
2026-04-17,MA,BUY,1.39,0.0053,0.0074
2026-04-20,MA,BUY,1.36,-0.0089,-0.0121
2026-04-21,MA,BUY,1.31,-0.0103,-0.0134
2026-04-22,MA,BUY,1.26,-0.0023,-0.0029
2026-04-23,MA,BUY,1.17,-0.0153,-0.0178
2026-04-24,MA,BUY,1.19,0.0036,0.0042
2025-11-11,PG,SELL,4.0,0.0,-0.0
2025-11-12,PG,SELL,4.0,-0.0036,0.0143
2025-11-13,PG,SELL,4.0,-0.0003,0.0014
2025-11-14,PG,SELL,4.0,-0.002,0.0078
2025-11-17,PG,SELL,1.92,-0.0125,0.0241
2025-11-18,PG,SELL,2.01,0.008,-0.0161
2025-11-19,PG,SELL,2.02,0.0,-0.0
2025-11-20,PG,SELL,2.12,0.0082,-0.0173
2025-11-21,PG,SELL,2.33,0.0184,-0.0429
2025-11-24,PG,SELL,1.01,-0.0261,0.0264
2025-11-25,PG,SELL,1.07,0.0103,-0.011
2025-11-26,PG,SELL,1.11,-0.0016,0.0018
2025-11-28,PG,SELL,1.15,-0.0006,0.0007
2025-12-01,PG,SELL,1.2,-0.0049,0.0059
2025-12-02,PG,SELL,1.2,-0.0107,0.0128
2025-12-03,PG,SELL,1.23,0.0058,-0.0072
2025-12-04,PG,SELL,1.24,-0.0092,0.0114
2025-12-05,PG,SELL,1.19,-0.0131,0.0156
2025-12-08,PG,SELL,0.72,-0.0356,0.0255
2025-12-09,PG,SELL,0.76,0.0093,-0.007
2025-12-10,PG,SELL,0.77,0.0014,-0.001
2025-12-11,PG,SELL,0.81,0.0067,-0.0054
2025-12-12,PG,SELL,0.85,0.0148,-0.0126
2025-12-15,PG,SELL,0.92,0.016,-0.0148
2025-12-16,PG,SELL,0.92,0.0006,-0.0005
2025-12-17,PG,SELL,1.0,0.0179,-0.0179
2025-12-18,PG,SELL,0.93,-0.0155,0.0145
2025-12-19,PG,SELL,0.94,-0.0073,0.0068
2025-12-22,PG,SELL,0.94,-0.0123,0.0115
2025-12-23,PG,SELL,0.96,0.0034,-0.0033
2025-12-24,PG,SELL,1.07,0.0091,-0.0098
2025-12-26,PG,SELL,1.09,0.0017,-0.0019
2025-12-29,PG,SELL,1.08,-0.0012,0.0013
2025-12-30,PG,SELL,1.1,-0.0036,0.004
2025-12-31,PG,SELL,1.08,-0.0051,0.0056
2026-01-02,PG,SELL,1.04,-0.0106,0.011
2026-01-05,PG,SELL,1.04,-0.01,0.0104
2026-01-06,PG,SELL,1.0,-0.0033,0.0033
2026-01-07,PG,SELL,0.94,-0.0134,0.0125
2026-01-08,PG,SELL,2.15,0.0253,-0.0544
2026-01-09,PG,SELL,2.16,0.0024,-0.0052
2026-01-12,PG,SELL,2.29,0.0112,-0.0256
2026-01-13,PG,SELL,2.34,0.0054,-0.0127
2026-01-14,PG,SELL,2.52,0.0146,-0.0368
2026-01-15,PG,SELL,2.33,-0.0118,0.0274
2026-01-16,PG,SELL,2.18,-0.0007,0.0015
2026-01-20,PG,SELL,2.37,0.0171,-0.0404
2026-01-21,PG,SELL,2.59,-0.0064,0.0166
2026-01-22,PG,SELL,2.89,0.0265,-0.0766
2026-01-23,PG,SELL,3.16,0.0086,-0.0271
2026-01-26,PG,SELL,3.1,-0.0044,0.0136
2026-01-27,PG,SELL,2.97,-0.0077,0.0228
2026-01-28,PG,SELL,2.94,-0.0067,0.0198
2026-01-29,PG,SELL,3.37,0.0174,-0.0586
2026-01-30,PG,SELL,3.63,0.0125,-0.0453
2026-02-02,PG,SELL,3.71,0.0094,-0.0347
2026-02-03,PG,SELL,3.93,0.0139,-0.0546
2026-02-04,PG,SELL,4.0,0.01,-0.0399
2026-02-05,PG,SELL,4.0,0.0111,-0.0444
2026-02-06,PG,SELL,4.0,0.0035,-0.0141
2026-02-09,PG,SELL,4.0,-0.0116,0.0462
2026-02-10,PG,SELL,4.0,0.0111,-0.0445
2026-02-11,PG,SELL,4.0,0.0058,-0.0231
2026-02-12,PG,SELL,4.0,0.0076,-0.0303
2026-02-13,PG,SELL,4.0,-0.0071,0.0283
2026-02-17,PG,SELL,4.0,-0.0032,0.013
2026-02-18,PG,SELL,2.97,-0.0169,0.0501
2026-02-19,PG,SELL,3.07,0.0108,-0.0333
2026-02-20,PG,SELL,3.12,0.014,-0.0437
2026-02-23,PG,SELL,3.5,0.0273,-0.0957
2026-02-24,PG,SELL,3.42,0.0007,-0.0023
2026-02-25,PG,SELL,3.28,-0.0114,0.0375
2026-02-26,PG,SELL,3.08,0.0022,-0.0068
2026-02-27,PG,SELL,3.23,0.0211,-0.0681
2026-03-02,PG,SELL,2.07,-0.0221,0.0456
2026-03-03,PG,SELL,1.57,-0.0232,0.0364
2026-03-04,PG,SELL,1.51,-0.0089,0.0135
2026-03-05,PG,SELL,1.09,-0.0272,0.0297
2026-03-06,PG,SELL,0.99,-0.0023,0.0023
2026-03-09,PG,SELL,1.05,0.0103,-0.0109
2026-03-10,PG,SELL,1.08,0.0051,-0.0055
2026-03-11,PG,SELL,0.99,-0.0172,0.0171
2026-03-12,PG,SELL,0.96,-0.0184,0.0176
2026-03-13,PG,SELL,0.98,0.001,-0.001
2026-03-16,PG,SELL,1.03,0.0098,-0.0101
2026-03-17,PG,SELL,0.99,-0.0042,0.0042
2026-03-18,PG,SELL,0.81,-0.0315,0.0254
2026-03-19,PG,SELL,0.77,-0.0127,0.0098
2026-03-20,PG,SELL,0.75,-0.0039,0.0029
2026-03-23,PG,SELL,0.74,-0.002,0.0015
2026-03-24,PG,SELL,0.75,-0.0058,0.0043
2026-03-25,PG,SELL,0.79,0.0053,-0.0042
2026-03-26,PG,SELL,0.78,-0.0104,0.0081
2026-03-27,PG,SELL,0.82,0.002,-0.0017
2026-03-30,PG,SELL,0.9,0.0141,-0.0127
2026-03-31,PG,SELL,0.9,-0.0019,0.0017
2026-04-01,PG,SELL,0.94,-0.0024,0.0023
2026-04-02,PG,SELL,0.92,-0.0067,0.0062
2026-04-06,PG,SELL,1.04,-0.0024,0.0025
2026-04-07,PG,SELL,1.03,-0.0103,0.0106
2026-04-08,PG,SELL,1.19,0.0255,-0.0304
2026-04-09,PG,SELL,1.28,0.0121,-0.0156
2026-04-10,PG,SELL,1.27,-0.0102,0.013
2026-04-13,PG,SELL,1.29,-0.0109,0.0141
2026-04-14,PG,SELL,1.35,0.0056,-0.0075
2026-04-15,PG,SELL,1.36,-0.0069,0.0094
2026-04-16,PG,SELL,1.34,-0.0019,0.0025
2026-04-17,PG,SELL,2.9,0.0267,-0.0774
2026-04-20,PG,SELL,2.33,-0.0166,0.0387
2026-04-21,PG,SELL,1.97,-0.015,0.0296
2026-04-22,PG,SELL,2.04,0.0037,-0.0076
2026-04-23,PG,SELL,2.17,0.02,-0.0435
2026-04-24,PG,SELL,2.45,0.0246,-0.0602
2025-11-11,JNJ,BUY,4.0,0.0,0.0
2025-11-12,JNJ,BUY,4.0,0.0029,0.0116
2025-11-13,JNJ,BUY,4.0,0.0044,0.0177
2025-11-14,JNJ,BUY,4.0,0.0035,0.0139
2025-11-17,JNJ,BUY,4.0,0.0186,0.0745
2025-11-18,JNJ,BUY,4.0,0.0021,0.0084
2025-11-19,JNJ,BUY,4.0,0.0125,0.0502
2025-11-20,JNJ,BUY,4.0,0.0028,0.0111
2025-11-21,JNJ,BUY,4.0,0.0041,0.0163
2025-11-24,JNJ,BUY,4.0,0.0105,0.0422
2025-11-25,JNJ,BUY,4.0,0.0094,0.0375
2025-11-26,JNJ,BUY,4.0,0.0043,0.0172
2025-11-28,JNJ,BUY,4.0,-0.0031,-0.0123
2025-12-01,JNJ,BUY,4.0,-0.0076,-0.0305
2025-12-02,JNJ,BUY,4.0,0.0004,0.0016
2025-12-03,JNJ,BUY,4.0,-0.0004,-0.0018
2025-12-04,JNJ,BUY,2.47,-0.0139,-0.0342
2025-12-05,JNJ,BUY,2.51,-0.0027,-0.0068
2025-12-08,JNJ,BUY,2.5,-0.0015,-0.0038
2025-12-09,JNJ,BUY,2.41,-0.0082,-0.0198
2025-12-10,JNJ,BUY,2.84,0.0329,0.0935
2025-12-11,JNJ,BUY,3.08,0.0168,0.0518
2025-12-12,JNJ,BUY,3.14,0.0075,0.0234
2025-12-15,JNJ,BUY,3.26,0.0122,0.0399
2025-12-16,JNJ,BUY,1.74,-0.0227,-0.0395
2025-12-17,JNJ,BUY,1.75,0.0049,0.0086
2025-12-18,JNJ,BUY,1.7,-0.0096,-0.0163
2025-12-19,JNJ,BUY,1.63,-0.0093,-0.0152
2025-12-22,JNJ,BUY,1.66,0.0046,0.0077
2025-12-23,JNJ,BUY,1.62,-0.0074,-0.0121
2025-12-24,JNJ,BUY,1.7,0.0097,0.0165
2025-12-26,JNJ,BUY,1.66,-0.0007,-0.0012
2025-12-29,JNJ,BUY,1.65,-0.0003,-0.0006
2025-12-30,JNJ,BUY,1.62,-0.0031,-0.0051
2025-12-31,JNJ,BUY,1.55,0.0002,0.0003
2026-01-02,JNJ,BUY,1.57,0.0019,0.003
2026-01-05,JNJ,BUY,1.44,-0.0147,-0.0211
2026-01-06,JNJ,BUY,1.46,0.0023,0.0034
2026-01-07,JNJ,BUY,1.57,0.0132,0.0207
2026-01-08,JNJ,BUY,1.56,-0.0084,-0.0131
2026-01-09,JNJ,BUY,1.51,-0.0066,-0.01
2026-01-12,JNJ,BUY,1.71,0.0261,0.0445
2026-01-13,JNJ,BUY,1.87,0.0187,0.0351
2026-01-14,JNJ,BUY,2.12,0.0229,0.0487
2026-01-15,JNJ,BUY,2.14,0.0047,0.01
2026-01-16,JNJ,BUY,3.18,-0.0041,-0.0132
2026-01-20,JNJ,BUY,3.04,-0.0021,-0.0063
2026-01-21,JNJ,BUY,2.96,-0.0009,-0.0027
2026-01-22,JNJ,BUY,3.04,0.0022,0.0067
2026-01-23,JNJ,BUY,3.11,0.0076,0.0235
2026-01-26,JNJ,BUY,3.13,0.0061,0.0192
2026-01-27,JNJ,BUY,3.29,0.0133,0.0439
2026-01-28,JNJ,BUY,3.5,0.0146,0.0511
2026-01-29,JNJ,BUY,3.52,-0.0019,-0.0066
2026-01-30,JNJ,BUY,3.22,-0.0002,-0.0006
2026-02-02,JNJ,BUY,3.4,0.0154,0.0524
2026-02-03,JNJ,BUY,3.47,0.0102,0.0353
2026-02-04,JNJ,BUY,4.0,0.0059,0.0235
2026-02-05,JNJ,BUY,4.0,0.0142,0.0566
2026-02-06,JNJ,BUY,4.0,0.0093,0.037
2026-02-09,JNJ,BUY,4.0,-0.0056,-0.0225
2026-02-10,JNJ,BUY,4.0,-0.0012,-0.0049
2026-02-11,JNJ,BUY,4.0,0.0105,0.0421
2026-02-12,JNJ,BUY,4.0,0.0153,0.0613
2026-02-13,JNJ,BUY,4.0,-0.0045,-0.018
2026-02-17,JNJ,BUY,4.0,-0.0005,-0.002
2026-02-18,JNJ,BUY,4.0,0.0068,0.0273
2026-02-19,JNJ,BUY,4.0,0.0078,0.0313
2026-02-20,JNJ,BUY,2.31,-0.0179,-0.0414
2026-02-23,JNJ,BUY,2.42,0.0138,0.0334
2026-02-24,JNJ,BUY,2.44,0.0071,0.0173
2026-02-25,JNJ,BUY,2.44,-0.0045,-0.011
2026-02-26,JNJ,BUY,2.38,-0.0069,-0.0165
2026-02-27,JNJ,BUY,2.58,0.0204,0.0526
2026-03-02,JNJ,BUY,2.47,0.0005,0.0013
2026-03-03,JNJ,BUY,2.47,-0.0073,-0.018
2026-03-04,JNJ,BUY,2.45,-0.0059,-0.0144
2026-03-05,JNJ,BUY,1.44,-0.0231,-0.0333
2026-03-06,JNJ,BUY,1.46,0.0032,0.0047
2026-03-09,JNJ,BUY,1.51,0.0091,0.0138
2026-03-10,JNJ,BUY,1.53,0.0046,0.0071
2026-03-11,JNJ,BUY,1.48,-0.003,-0.0044
2026-03-12,JNJ,BUY,1.48,-0.0039,-0.0058
2026-03-13,JNJ,BUY,1.44,-0.0021,-0.0031
2026-03-16,JNJ,BUY,1.49,0.0069,0.0103
2026-03-17,JNJ,BUY,1.17,-0.0209,-0.0245
2026-03-18,JNJ,BUY,1.2,-0.0035,-0.0042
2026-03-19,JNJ,BUY,1.22,0.0013,0.0016
2026-03-20,JNJ,BUY,1.22,-0.0094,-0.0115
2026-03-23,JNJ,BUY,1.28,0.0002,0.0003
2026-03-24,JNJ,BUY,1.28,-0.0006,-0.0008
2026-03-25,JNJ,BUY,1.42,0.0198,0.028
2026-03-26,JNJ,BUY,1.39,-0.0029,-0.004
2026-03-27,JNJ,BUY,1.37,0.0051,0.0069
2026-03-30,JNJ,BUY,1.44,0.0085,0.0122
2026-03-31,JNJ,BUY,1.5,0.008,0.0121
2026-04-01,JNJ,BUY,1.45,-0.0013,-0.0019
2026-04-02,JNJ,BUY,1.41,-0.0044,-0.0062
2026-04-06,JNJ,BUY,1.83,-0.0085,-0.0156
2026-04-07,JNJ,BUY,1.76,-0.0106,-0.0187
2026-04-08,JNJ,BUY,1.87,0.0121,0.0227
2026-04-09,JNJ,BUY,1.88,0.0,0.0001
2026-04-10,JNJ,BUY,1.73,-0.0118,-0.0204
2026-04-13,JNJ,BUY,1.69,-0.0021,-0.0035
2026-04-14,JNJ,BUY,1.74,0.009,0.0157
2026-04-15,JNJ,BUY,1.76,-0.006,-0.0105
2026-04-16,JNJ,BUY,1.86,-0.0173,-0.0322
2026-04-17,JNJ,BUY,1.81,-0.0015,-0.0028
2026-04-20,JNJ,BUY,1.59,-0.0149,-0.0236
2026-04-21,JNJ,BUY,1.23,-0.0196,-0.0242
2026-04-22,JNJ,BUY,1.23,-0.0003,-0.0003
2026-04-23,JNJ,BUY,1.37,0.0201,0.0276
2026-04-24,JNJ,BUY,1.31,-0.0137,-0.0178
2025-11-11,HD,SELL,4.0,0.0,-0.0
2025-11-12,HD,SELL,4.0,-0.0083,0.0332
2025-11-13,HD,SELL,4.0,-0.0082,0.033
2025-11-14,HD,SELL,2.37,-0.0155,0.0367
2025-11-17,HD,SELL,2.59,-0.0119,0.0309
2025-11-18,HD,SELL,0.3,-0.0602,0.0183
2025-11-19,HD,SELL,0.32,-0.0059,0.0019
2025-11-20,HD,SELL,0.34,-0.0063,0.0021
2025-11-21,HD,SELL,0.4,0.0329,-0.0132
2025-11-24,HD,SELL,0.4,-0.0196,0.0079
2025-11-25,HD,SELL,0.5,0.0431,-0.0217
2025-11-26,HD,SELL,0.54,0.0125,-0.0068
2025-11-28,HD,SELL,0.56,0.0041,-0.0023
2025-12-01,HD,SELL,0.58,0.0011,-0.0007
2025-12-02,HD,SELL,0.59,-0.0092,0.0054
2025-12-03,HD,SELL,0.63,0.011,-0.0069
2025-12-04,HD,SELL,0.63,-0.0125,0.0079
2025-12-05,HD,SELL,0.67,0.0098,-0.0065
2025-12-08,HD,SELL,0.66,-0.0133,0.0088
2025-12-09,HD,SELL,0.66,-0.0133,0.0087
2025-12-10,HD,SELL,0.73,0.017,-0.0123
2025-12-11,HD,SELL,0.8,0.018,-0.0145
2025-12-12,HD,SELL,0.81,0.0061,-0.0049
2025-12-15,HD,SELL,0.77,-0.0074,0.0057
2025-12-16,HD,SELL,0.73,-0.0121,0.0088
2025-12-17,HD,SELL,0.74,0.0115,-0.0085
2025-12-18,HD,SELL,2.6,-0.0049,0.0128
2025-12-19,HD,SELL,1.45,-0.0281,0.0408
2025-12-22,HD,SELL,1.51,0.004,-0.0061
2025-12-23,HD,SELL,1.36,-0.0041,0.0056
2025-12-24,HD,SELL,1.48,0.0069,-0.0102
2025-12-26,HD,SELL,1.5,0.007,-0.0106
2025-12-29,HD,SELL,1.44,-0.0067,0.0096
2025-12-30,HD,SELL,1.4,-0.0032,0.0044
2025-12-31,HD,SELL,1.41,-0.0065,0.0091
2026-01-02,HD,SELL,1.39,0.005,-0.007
2026-01-05,HD,SELL,1.39,-0.005,0.007
2026-01-06,HD,SELL,1.45,0.0151,-0.022
2026-01-07,HD,SELL,1.42,-0.0007,0.0009
2026-01-08,HD,SELL,1.62,0.0301,-0.0488
2026-01-09,HD,SELL,2.03,0.0419,-0.0852
2026-01-12,HD,SELL,2.0,0.0008,-0.0016
2026-01-13,HD,SELL,2.11,0.0128,-0.027
2026-01-14,HD,SELL,1.99,-0.01,0.0199
2026-01-15,HD,SELL,2.01,0.0085,-0.0172
2026-01-16,HD,SELL,1.98,0.0027,-0.0053
2026-01-20,HD,SELL,1.81,-0.0133,0.0241
2026-01-21,HD,SELL,1.99,0.0254,-0.0504
2026-01-22,HD,SELL,3.95,-0.0094,0.0371
2026-01-23,HD,SELL,3.99,0.0072,-0.0287
2026-01-26,HD,SELL,3.98,0.0072,-0.0286
2026-01-27,HD,SELL,2.88,-0.016,0.0459
2026-01-28,HD,SELL,2.53,-0.0133,0.0336
2026-01-29,HD,SELL,2.38,-0.0093,0.0221
2026-01-30,HD,SELL,2.56,0.0075,-0.0191
2026-02-02,HD,SELL,2.59,0.0094,-0.0244
2026-02-03,HD,SELL,2.63,0.0079,-0.0208
2026-02-04,HD,SELL,2.87,0.016,-0.0459
2026-02-05,HD,SELL,2.71,-0.0125,0.0338
2026-02-06,HD,SELL,4.0,0.0073,-0.0291
2026-02-09,HD,SELL,4.0,-0.0108,0.0431
2026-02-10,HD,SELL,4.0,0.0228,-0.0911
2026-02-11,HD,SELL,4.0,0.0026,-0.0103
2026-02-12,HD,SELL,3.01,-0.0012,0.0035
2026-02-13,HD,SELL,2.93,0.0021,-0.0062
2026-02-17,HD,SELL,2.11,-0.0205,0.0432
2026-02-18,HD,SELL,2.11,0.0013,-0.0026
2026-02-19,HD,SELL,1.99,-0.0129,0.0256
2026-02-20,HD,SELL,2.06,0.0097,-0.0199
2026-02-23,HD,SELL,1.94,-0.0138,0.0266
2026-02-24,HD,SELL,2.17,0.0199,-0.043
2026-02-25,HD,SELL,1.61,-0.0232,0.0372
2026-02-26,HD,SELL,1.37,-0.0013,0.0018
2026-02-27,HD,SELL,1.46,0.015,-0.022
2026-03-02,HD,SELL,1.08,-0.026,0.0281
2026-03-03,HD,SELL,1.05,-0.0105,0.011
2026-03-04,HD,SELL,1.09,0.006,-0.0065
2026-03-05,HD,SELL,1.01,-0.0201,0.0204
2026-03-06,HD,SELL,1.02,-0.0104,0.0106
2026-03-09,HD,SELL,0.98,-0.0122,0.0119
2026-03-10,HD,SELL,1.04,0.0102,-0.0106
2026-03-11,HD,SELL,0.98,-0.0177,0.0172
2026-03-12,HD,SELL,0.83,-0.0275,0.0227
2026-03-13,HD,SELL,0.85,0.0003,-0.0003
2026-03-16,HD,SELL,1.02,0.0105,-0.0107
2026-03-17,HD,SELL,0.96,-0.0034,0.0032
2026-03-18,HD,SELL,0.77,-0.0308,0.0236
2026-03-19,HD,SELL,0.77,-0.0082,0.0063
2026-03-20,HD,SELL,0.71,-0.0227,0.016
2026-03-23,HD,SELL,0.84,0.0316,-0.0265
2026-03-24,HD,SELL,0.84,0.0,-0.0
2026-03-25,HD,SELL,0.88,0.0048,-0.0043
2026-03-26,HD,BUY,0.87,-0.0123,-0.0107
2026-03-27,HD,BUY,0.92,-0.0206,-0.019
2026-03-30,HD,BUY,0.97,0.0058,0.0056
2026-03-31,HD,BUY,1.1,0.0167,0.0183
2026-04-01,HD,BUY,1.12,0.002,0.0023
2026-04-02,HD,BUY,1.03,-0.0241,-0.0249
2026-04-06,HD,BUY,1.09,0.0156,0.0171
2026-04-07,HD,BUY,1.01,-0.0241,-0.0243
2026-04-08,HD,BUY,1.3,0.0546,0.0712
2026-04-09,HD,BUY,1.38,0.0102,0.0141
2026-04-10,HD,BUY,1.22,-0.0066,-0.008
2026-04-13,HD,BUY,1.36,0.0113,0.0154
2026-04-14,HD,BUY,1.39,0.0045,0.0063
2026-04-15,HD,BUY,1.31,-0.0111,-0.0145
2026-04-16,HD,BUY,1.31,-0.0052,-0.0068
2026-04-17,HD,BUY,1.88,0.0363,0.0684
2026-04-20,HD,BUY,1.92,0.0046,0.0087
2026-04-21,HD,BUY,1.77,-0.0201,-0.0357
2026-04-22,HD,BUY,1.67,-0.0129,-0.0215
2026-04-23,HD,BUY,1.68,0.0019,0.0033
2026-04-24,HD,BUY,1.59,-0.0126,-0.0199
2025-11-11,ABBV,BUY,4.0,0.0,0.0
2025-11-12,ABBV,BUY,4.0,0.0358,0.1432
2025-11-13,ABBV,BUY,4.0,-0.004,-0.0161
2025-11-14,ABBV,BUY,4.0,0.0003,0.0012
2025-11-17,ABBV,BUY,4.0,0.0071,0.0282
2025-11-18,ABBV,BUY,4.0,-0.0006,-0.0022
2025-11-19,ABBV,BUY,4.0,-0.0041,-0.0164
2025-11-20,ABBV,BUY,2.05,-0.0149,-0.0304
2025-11-21,ABBV,BUY,2.5,0.0298,0.0743
2025-11-24,ABBV,BUY,1.05,-0.0287,-0.0301
2025-11-25,ABBV,BUY,1.13,0.01,0.0113
2025-11-26,ABBV,BUY,1.05,-0.0179,-0.0188
2025-11-28,ABBV,BUY,1.05,0.0002,0.0002
2025-12-01,ABBV,BUY,1.07,-0.0114,-0.0121
2025-12-02,ABBV,BUY,1.05,-0.0033,-0.0035
2025-12-03,ABBV,BUY,1.18,0.0262,0.0308
2025-12-04,ABBV,BUY,1.18,-0.0066,-0.0078
2025-12-05,ABBV,BUY,1.16,-0.0115,-0.0134
2025-12-08,ABBV,BUY,1.13,-0.0131,-0.0148
2025-12-09,ABBV,BUY,1.1,-0.0006,-0.0006
2025-12-10,ABBV,BUY,1.15,0.0098,0.0113
2025-12-11,ABBV,BUY,1.17,-0.0053,-0.0062
2025-12-12,ABBV,BUY,1.18,-0.0029,-0.0035
2025-12-15,ABBV,BUY,1.27,0.0185,0.0235
2025-12-16,ABBV,BUY,1.19,-0.0166,-0.0198
2025-12-17,ABBV,BUY,1.22,0.0029,0.0035
2025-12-18,ABBV,BUY,1.25,-0.0066,-0.0083
2025-12-19,ABBV,BUY,1.36,0.018,0.0244
2025-12-22,ABBV,BUY,1.37,0.0048,0.0066
2025-12-23,ABBV,BUY,1.4,0.0039,0.0054
2025-12-24,ABBV,BUY,1.99,0.0048,0.0096
2025-12-26,ABBV,BUY,1.99,0.0004,0.0008
2025-12-29,ABBV,BUY,2.34,0.0037,0.0088
2025-12-30,ABBV,BUY,2.28,-0.0048,-0.0109
2025-12-31,ABBV,BUY,2.29,-0.0054,-0.0125
2026-01-02,ABBV,BUY,2.37,0.0036,0.0085
2026-01-05,ABBV,BUY,0.85,-0.0398,-0.0337
2026-01-06,ABBV,BUY,0.88,0.017,0.0151
2026-01-07,ABBV,BUY,1.09,0.0424,0.0461
2026-01-08,ABBV,BUY,0.67,-0.0398,-0.0268
2026-01-09,ABBV,BUY,0.64,-0.0181,-0.0116
2026-01-12,ABBV,BUY,0.62,-0.0002,-0.0001
2026-01-13,ABBV,BUY,0.63,0.0032,0.002
2026-01-14,ABBV,BUY,0.66,0.0052,0.0034
2026-01-15,ABBV,BUY,0.59,-0.0232,-0.0137
2026-01-16,ABBV,BUY,0.56,-0.0031,-0.0018
2026-01-20,ABBV,BUY,0.56,-0.0014,-0.0008
2026-01-21,ABBV,BUY,0.59,0.0099,0.0058
2026-01-22,ABBV,BUY,0.61,0.0091,0.0055
2026-01-23,ABBV,BUY,0.63,0.0053,0.0033
2026-01-26,ABBV,BUY,0.66,0.0069,0.0046
2026-01-27,ABBV,BUY,0.72,0.0143,0.0103
2026-01-28,ABBV,BUY,0.66,-0.0235,-0.0155
2026-01-29,ABBV,BUY,0.69,0.008,0.0056
2026-01-30,ABBV,BUY,0.74,0.0117,0.0086
2026-02-02,ABBV,BUY,0.8,0.0118,0.0094
2026-02-03,ABBV,BUY,0.79,0.0001,0.0001
2026-02-04,ABBV,BUY,0.67,-0.0379,-0.0254
2026-02-05,ABBV,BUY,0.71,0.0088,0.0062
2026-02-06,ABBV,BUY,0.77,0.0201,0.0154
2026-02-09,ABBV,BUY,0.87,-0.0008,-0.0007
2026-02-10,ABBV,BUY,0.85,-0.0037,-0.0031
2026-02-11,ABBV,BUY,0.84,-0.007,-0.0059
2026-02-12,ABBV,BUY,0.99,0.0299,0.0295
2026-02-13,ABBV,BUY,1.07,0.0176,0.0187
2026-02-17,ABBV,BUY,1.09,0.0059,0.0064
2026-02-18,ABBV,BUY,0.99,-0.0178,-0.0176
2026-02-19,ABBV,BUY,0.94,-0.0191,-0.018
2026-02-20,ABBV,BUY,0.94,0.0021,0.0019
2026-02-23,ABBV,BUY,1.04,0.0208,0.0216
2026-02-24,ABBV,BUY,1.0,-0.0045,-0.0045
2026-02-25,ABBV,BUY,0.97,-0.0067,-0.0065
2026-02-26,ABBV,BUY,0.93,-0.0098,-0.0091
2026-02-27,ABBV,BUY,1.14,0.0329,0.0376
2026-03-02,ABBV,BUY,1.18,0.0094,0.0111
2026-03-03,ABBV,BUY,1.15,-0.0017,-0.002
2026-03-04,ABBV,BUY,1.19,0.01,0.0119
2026-03-05,ABBV,BUY,1.08,-0.0163,-0.0176
2026-03-06,ABBV,BUY,1.76,-0.0096,-0.017
2026-03-09,ABBV,BUY,1.66,-0.0116,-0.0191
2026-03-10,ABBV,BUY,1.61,-0.0019,-0.0031
2026-03-11,ABBV,BUY,1.68,0.003,0.005
2026-03-12,ABBV,BUY,1.66,-0.0101,-0.0168
2026-03-13,ABBV,BUY,1.18,-0.0252,-0.0298
2026-03-16,ABBV,BUY,1.24,0.0081,0.01
2026-03-17,ABBV,BUY,1.25,-0.0076,-0.0095
2026-03-18,ABBV,BUY,0.54,-0.052,-0.028
2026-03-19,ABBV,BUY,0.52,-0.0101,-0.0053
2026-03-20,ABBV,BUY,0.52,-0.0056,-0.0029
2026-03-23,ABBV,BUY,0.53,-0.0007,-0.0004
2026-03-24,ABBV,BUY,0.55,0.0013,0.0007
2026-03-25,ABBV,BUY,0.57,0.0096,0.0055
2026-03-26,ABBV,BUY,0.62,0.019,0.0117
2026-03-27,ABBV,BUY,0.61,-0.0081,-0.0049
2026-03-30,ABBV,BUY,0.68,0.0178,0.012
2026-03-31,ABBV,BUY,0.76,0.0205,0.0156
2026-04-01,ABBV,BUY,0.76,-0.0115,-0.0087
2026-04-02,ABBV,BUY,0.67,-0.0286,-0.019
2026-04-06,ABBV,BUY,0.65,-0.0103,-0.0067
2026-04-07,ABBV,BUY,0.64,-0.0015,-0.001
2026-04-08,ABBV,BUY,0.71,0.0253,0.018
2026-04-09,ABBV,BUY,0.73,0.0038,0.0028
2026-04-10,ABBV,BUY,0.69,-0.021,-0.0146
2026-04-13,ABBV,BUY,0.68,-0.0071,-0.0048
2026-04-14,ABBV,BUY,0.74,0.0184,0.0136
2026-04-15,ABBV,BUY,0.75,-0.0005,-0.0004
2026-04-16,ABBV,BUY,0.73,0.0027,0.002
2026-04-17,ABBV,BUY,1.25,-0.0029,-0.0037
2026-04-20,ABBV,BUY,1.02,-0.0224,-0.0228
2026-04-21,ABBV,BUY,1.02,0.0069,0.007
2026-04-22,ABBV,BUY,0.91,-0.0225,-0.0205
2026-04-23,ABBV,BUY,0.92,0.0022,0.0021
2026-04-24,ABBV,BUY,0.93,-0.0111,-0.0103
2025-11-11,COST,BUY,4.0,0.0,0.0
2025-11-12,COST,BUY,4.0,0.0002,0.0006
2025-11-13,COST,BUY,4.0,0.0121,0.0485
2025-11-14,COST,BUY,4.0,-0.0023,-0.0091
2025-11-17,COST,BUY,2.08,-0.0113,-0.0234
2025-11-18,COST,BUY,1.24,-0.0192,-0.0239
2025-11-19,COST,BUY,1.31,-0.005,-0.0065
2025-11-20,COST,BUY,1.34,0.003,0.0041
2025-11-21,COST,BUY,1.4,0.0064,0.009
2025-11-24,COST,BUY,1.4,-0.0143,-0.02
2025-11-25,COST,BUY,1.47,0.0093,0.0136
2025-11-26,COST,BUY,1.59,0.0156,0.0248
2025-11-28,COST,BUY,1.67,0.0059,0.0098
2025-12-01,COST,BUY,1.54,-0.0018,-0.0028
2025-12-02,COST,BUY,1.69,0.011,0.0187
2025-12-03,COST,BUY,1.72,0.0002,0.0004
2025-12-04,COST,BUY,1.02,-0.0286,-0.0292
2025-12-05,COST,BUY,1.01,-0.0013,-0.0013
2025-12-08,COST,BUY,1.04,-0.008,-0.0083
2025-12-09,COST,BUY,1.05,0.001,0.0011
2025-12-10,COST,BUY,1.01,-0.0158,-0.016
2025-12-11,COST,BUY,1.08,0.0115,0.0125
2025-12-12,COST,BUY,1.07,-0.0,-0.0
2025-12-15,COST,BUY,0.86,-0.027,-0.0233
2025-12-16,COST,BUY,0.86,-0.0002,-0.0002
2025-12-17,COST,BUY,0.84,0.0026,0.0022
2025-12-18,COST,BUY,0.84,-0.0059,-0.0049
2025-12-19,COST,BUY,0.83,-0.0023,-0.0019
2025-12-22,COST,BUY,0.85,-0.0066,-0.0056
2025-12-23,COST,BUY,0.88,0.0056,0.005
2025-12-24,COST,BUY,0.94,0.02,0.0189
2025-12-26,COST,BUY,0.96,0.0017,0.0016
2025-12-29,COST,BUY,0.98,-0.0063,-0.0062
2025-12-30,COST,BUY,1.01,-0.0025,-0.0025
2025-12-31,COST,BUY,1.02,-0.0038,-0.0039
2026-01-02,COST,BUY,1.03,-0.0091,-0.0093
2026-01-05,COST,BUY,1.17,0.0249,0.029
2026-01-06,COST,BUY,1.57,0.0153,0.0239
2026-01-07,COST,BUY,1.55,-0.0073,-0.0114
2026-01-08,COST,BUY,1.79,0.0371,0.0665
2026-01-09,COST,BUY,1.88,0.0105,0.0196
2026-01-12,COST,BUY,2.19,0.0197,0.0431
2026-01-13,COST,BUY,2.14,-0.0012,-0.0026
2026-01-14,COST,BUY,2.22,0.0096,0.0213
2026-01-15,COST,BUY,4.0,0.0061,0.0243
2026-01-16,COST,BUY,4.0,0.0072,0.0287
2026-01-20,COST,BUY,4.0,0.0007,0.0027
2026-01-21,COST,BUY,4.0,0.0193,0.0772
2026-01-22,COST,BUY,4.0,-0.0068,-0.0272
2026-01-23,COST,BUY,4.0,0.0073,0.029
2026-01-26,COST,BUY,4.0,-0.0057,-0.0227
2026-01-27,COST,BUY,4.0,-0.0076,-0.0302
2026-01-28,COST,BUY,4.0,-0.0098,-0.0392
2026-01-29,COST,BUY,4.0,-0.0082,-0.0328
2026-01-30,COST,BUY,3.75,-0.0119,-0.0447
2026-02-02,COST,BUY,4.0,0.0299,0.1196
2026-02-03,COST,BUY,4.0,0.0099,0.0395
2026-02-04,COST,BUY,4.0,0.0004,0.0018
2026-02-05,COST,BUY,4.0,0.0112,0.0447
2026-02-06,COST,BUY,4.0,0.012,0.048
2026-02-09,COST,BUY,4.0,-0.0036,-0.0143
2026-02-10,COST,BUY,1.59,-0.0264,-0.042
2026-02-11,COST,BUY,1.62,0.0071,0.0115
2026-02-12,COST,BUY,1.89,0.0212,0.0399
2026-02-13,COST,BUY,2.06,0.0196,0.0404
2026-02-17,COST,BUY,2.0,-0.0063,-0.0126
2026-02-18,COST,BUY,1.78,-0.0158,-0.0281
2026-02-19,COST,BUY,1.73,-0.0083,-0.0144
2026-02-20,COST,BUY,1.65,-0.0026,-0.0043
2026-02-23,COST,BUY,1.61,0.0008,0.0012
2026-02-24,COST,BUY,1.71,0.0126,0.0215
2026-02-25,COST,BUY,1.63,-0.0037,-0.006
2026-02-26,COST,BUY,1.56,-0.0081,-0.0126
2026-02-27,COST,BUY,1.73,0.0244,0.0422
2026-03-02,COST,BUY,1.63,-0.0079,-0.013
2026-03-03,COST,BUY,1.63,0.005,0.0081
2026-03-04,COST,BUY,1.55,-0.001,-0.0016
2026-03-05,COST,BUY,1.14,-0.024,-0.0274
2026-03-06,COST,BUY,1.24,0.0158,0.0197
2026-03-09,COST,BUY,1.28,0.0072,0.0093
2026-03-10,COST,BUY,1.28,-0.0079,-0.0101
2026-03-11,COST,BUY,1.25,-0.0051,-0.0064
2026-03-12,COST,BUY,1.69,0.0112,0.0189
2026-03-13,COST,BUY,1.73,0.0051,0.0088
2026-03-16,COST,BUY,1.71,-0.0066,-0.0113
2026-03-17,COST,BUY,1.72,-0.0056,-0.0096
2026-03-18,COST,BUY,1.49,-0.0163,-0.0244
2026-03-19,COST,BUY,1.54,-0.0052,-0.0081
2026-03-20,COST,BUY,1.48,-0.0025,-0.0037
2026-03-23,COST,BUY,1.48,-0.0068,-0.01
2026-03-24,COST,BUY,1.55,0.0084,0.013
2026-03-25,COST,BUY,1.56,0.0011,0.0017
2026-03-26,COST,BUY,1.57,0.0049,0.0077
2026-03-27,COST,BUY,1.55,0.0043,0.0067
2026-03-30,COST,BUY,1.66,0.0129,0.0214
2026-03-31,COST,BUY,1.56,-0.0002,-0.0002
2026-04-01,COST,BUY,1.56,0.0001,0.0002
2026-04-02,COST,BUY,1.74,0.0185,0.0322
2026-04-06,COST,BUY,2.95,0.0035,0.0104
2026-04-07,COST,BUY,2.89,-0.0052,-0.0152
2026-04-08,COST,BUY,3.16,0.0168,0.0531
2026-04-09,COST,BUY,3.11,0.0017,0.0053
2026-04-10,COST,BUY,1.14,-0.0325,-0.0371
2026-04-13,COST,BUY,1.02,-0.0176,-0.018
2026-04-14,COST,BUY,1.04,-0.0062,-0.0064
2026-04-15,COST,BUY,1.05,0.0102,0.0107
2026-04-16,COST,BUY,1.04,0.0025,0.0026
2026-04-17,COST,BUY,1.12,0.0128,0.0144
2026-04-20,COST,BUY,1.08,-0.0021,-0.0022
2026-04-21,COST,BUY,1.1,0.008,0.0088
2026-04-22,COST,BUY,1.06,-0.0021,-0.0022
2026-04-23,COST,BUY,1.1,0.0106,0.0117
2026-04-24,COST,BUY,1.11,-0.0032,-0.0035
2025-11-11,LLY,BUY,4.0,0.0,0.0
2025-11-12,LLY,BUY,4.0,0.0295,0.118
2025-11-13,LLY,BUY,4.0,0.005,0.02
2025-11-14,LLY,BUY,4.0,0.0038,0.0153
2025-11-17,LLY,BUY,4.0,-0.0035,-0.014
2025-11-18,LLY,BUY,4.0,0.0082,0.0327
2025-11-19,LLY,BUY,4.0,0.019,0.0759
2025-11-20,LLY,BUY,4.0,-0.006,-0.024
2025-11-21,LLY,BUY,4.0,0.0157,0.0629
2025-11-24,LLY,BUY,4.0,0.0099,0.0395
2025-11-25,LLY,BUY,4.0,0.0372,0.1487
2025-11-26,LLY,BUY,4.0,-0.005,-0.0202
2025-11-28,LLY,BUY,1.76,-0.0261,-0.0459
2025-12-01,LLY,BUY,1.6,-0.0163,-0.0261
2025-12-02,LLY,BUY,1.55,-0.0111,-0.0173
2025-12-03,LLY,BUY,1.49,-0.012,-0.0179
2025-12-04,LLY,BUY,1.31,-0.0185,-0.0241
2025-12-05,LLY,BUY,1.23,-0.0041,-0.0051
2025-12-08,LLY,BUY,1.2,-0.0126,-0.0151
2025-12-09,LLY,BUY,1.14,-0.0154,-0.0176
2025-12-10,LLY,BUY,1.21,0.0116,0.014
2025-12-11,LLY,BUY,1.32,0.0158,0.0208
2025-12-12,LLY,BUY,1.42,0.018,0.0255
2025-12-15,LLY,BUY,1.7,0.0338,0.0573
2025-12-16,LLY,BUY,1.63,-0.0074,-0.0121
2025-12-17,LLY,BUY,1.65,-0.0119,-0.0195
2025-12-18,LLY,BUY,1.77,0.0145,0.0256
2025-12-19,LLY,BUY,1.88,0.0138,0.026
2025-12-22,LLY,BUY,1.96,0.0047,0.0092
2025-12-23,LLY,BUY,1.83,-0.0045,-0.0082
2025-12-24,LLY,BUY,1.9,0.005,0.0095
2025-12-26,LLY,BUY,1.92,0.0007,0.0014
2025-12-29,LLY,BUY,1.96,0.0009,0.0018
2025-12-30,LLY,BUY,2.66,0.0009,0.0025
2025-12-31,LLY,BUY,2.56,-0.0047,-0.012
2026-01-02,LLY,BUY,2.56,0.0053,0.0135
2026-01-05,LLY,BUY,1.06,-0.036,-0.0382
2026-01-06,LLY,BUY,1.18,0.0216,0.0255
2026-01-07,LLY,BUY,1.43,0.0414,0.0592
2026-01-08,LLY,BUY,1.21,-0.0207,-0.025
2026-01-09,LLY,BUY,1.05,-0.0199,-0.021
2026-01-12,LLY,BUY,1.13,0.0164,0.0185
2026-01-13,LLY,BUY,1.07,-0.0035,-0.0038
2026-01-14,LLY,BUY,1.03,-0.0036,-0.0037
2026-01-15,LLY,BUY,0.67,-0.0376,-0.0253
2026-01-16,LLY,BUY,0.69,0.0053,0.0036
2026-01-20,LLY,BUY,0.69,0.0028,0.0019
2026-01-21,LLY,BUY,0.82,0.0358,0.0295
2026-01-22,LLY,BUY,0.85,0.0082,0.007
2026-01-23,LLY,BUY,0.78,-0.0212,-0.0165
2026-01-26,LLY,BUY,0.76,-0.0014,-0.0011
2026-01-27,LLY,BUY,0.69,-0.0219,-0.0152
2026-01-28,LLY,BUY,0.68,-0.0151,-0.0103
2026-01-29,LLY,BUY,0.69,0.0003,0.0002
2026-01-30,LLY,BUY,0.74,0.0127,0.0094
2026-02-02,LLY,BUY,0.78,0.0067,0.0052
2026-02-03,LLY,BUY,0.6,-0.039,-0.0235
2026-02-04,LLY,BUY,1.05,0.1033,0.1088
2026-02-05,LLY,BUY,0.41,-0.0779,-0.0319
2026-02-06,LLY,BUY,0.49,0.0366,0.018
2026-02-09,LLY,BUY,0.46,-0.0128,-0.0059
2026-02-10,LLY,BUY,0.42,-0.0188,-0.008
2026-02-11,LLY,BUY,0.42,-0.0096,-0.004
2026-02-12,LLY,BUY,0.47,0.0227,0.0107
2026-02-13,LLY,BUY,0.48,0.0033,0.0016
2026-02-17,LLY,BUY,0.47,-0.0038,-0.0018
2026-02-18,LLY,BUY,0.45,-0.015,-0.0067
2026-02-19,LLY,BUY,0.46,0.0026,0.0012
2026-02-20,LLY,BUY,0.45,-0.0134,-0.006
2026-02-23,LLY,BUY,0.57,0.0486,0.0278
2026-02-24,LLY,BUY,0.53,-0.0155,-0.0082
2026-02-25,LLY,BUY,0.52,-0.0128,-0.0066
2026-02-26,LLY,BUY,0.49,-0.0066,-0.0032
2026-02-27,LLY,BUY,0.54,0.0293,0.0159
2026-03-02,LLY,BUY,0.47,-0.0323,-0.0153
2026-03-03,LLY,BUY,0.47,-0.0101,-0.0047
2026-03-04,LLY,BUY,0.46,-0.0041,-0.0019
2026-03-05,LLY,BUY,0.45,-0.0202,-0.0091
2026-03-06,LLY,BUY,0.47,0.0072,0.0034
2026-03-09,LLY,BUY,1.28,0.0182,0.0233
2026-03-10,LLY,BUY,1.26,-0.007,-0.0088
2026-03-11,LLY,BUY,1.16,-0.0015,-0.0018
2026-03-12,LLY,BUY,1.01,-0.0226,-0.0229
2026-03-13,LLY,BUY,1.03,0.008,0.0083
2026-03-16,LLY,BUY,1.06,0.0041,0.0044
2026-03-17,LLY,BUY,0.47,-0.0594,-0.028
2026-03-18,LLY,BUY,0.47,-0.0132,-0.0061
2026-03-19,LLY,BUY,0.46,-0.0006,-0.0003
2026-03-20,LLY,BUY,0.46,-0.0118,-0.0054
2026-03-23,LLY,BUY,0.47,0.0042,0.002
2026-03-24,LLY,BUY,0.48,-0.0083,-0.0039
2026-03-25,LLY,BUY,0.51,0.0147,0.0074
2026-03-26,LLY,BUY,0.47,-0.0211,-0.0099
2026-03-27,LLY,BUY,0.45,-0.0209,-0.0094
2026-03-30,LLY,BUY,0.48,0.0096,0.0046
2026-03-31,LLY,BUY,0.59,0.0374,0.0222
2026-04-01,LLY,BUY,0.7,0.0378,0.0264
2026-04-02,LLY,BUY,0.66,-0.0198,-0.0131
2026-04-06,LLY,BUY,0.63,-0.0091,-0.0058
2026-04-07,LLY,BUY,0.66,0.0043,0.0029
2026-04-08,LLY,BUY,0.75,0.0239,0.018
2026-04-09,LLY,BUY,0.75,0.002,0.0015
2026-04-10,LLY,BUY,0.74,-0.0165,-0.0121
2026-04-13,LLY,BUY,0.7,-0.0106,-0.0074
2026-04-14,LLY,BUY,0.71,-0.0076,-0.0054
2026-04-15,LLY,BUY,0.67,-0.0189,-0.0128
2026-04-16,LLY,BUY,1.37,-0.0011,-0.0016
2026-04-17,LLY,BUY,1.49,0.0255,0.038
2026-04-20,LLY,BUY,1.6,-0.0077,-0.0123
2026-04-21,LLY,BUY,1.42,-0.0183,-0.0261
2026-04-22,LLY,BUY,1.57,0.0204,0.032
2026-04-23,LLY,BUY,1.45,-0.0042,-0.006
2026-04-24,LLY,BUY,0.9,-0.0367,-0.0332
2025-11-11,CRM,BUY,4.0,0.0,0.0
2025-11-12,CRM,BUY,4.0,0.0062,0.0249
2025-11-13,CRM,BUY,4.0,-0.0227,-0.0909
2025-11-14,CRM,BUY,4.0,0.0134,0.0537
2025-11-17,CRM,BUY,3.41,-0.0272,-0.0927
2025-11-18,CRM,BUY,1.44,-0.0149,-0.0214
2025-11-19,CRM,BUY,1.48,-0.0241,-0.0357
2025-11-20,CRM,BUY,1.09,-0.011,-0.012
2025-11-21,CRM,BUY,1.16,0.0077,0.0089
2025-11-24,CRM,BUY,0.8,-0.0013,-0.001
2025-11-25,CRM,BUY,0.95,0.0322,0.0306
2025-11-26,CRM,BUY,0.87,-0.0255,-0.0223
2025-11-28,CRM,BUY,0.94,0.0105,0.0099
2025-12-01,CRM,BUY,1.02,0.0099,0.0101
2025-12-02,CRM,BUY,1.09,0.0081,0.0088
2025-12-03,CRM,BUY,1.2,0.0171,0.0205
2025-12-04,CRM,BUY,1.49,0.0366,0.0547
2025-12-05,CRM,BUY,2.0,0.053,0.1058
2025-12-08,CRM,BUY,1.75,-0.004,-0.007
2025-12-09,CRM,BUY,1.79,0.0057,0.0103
2025-12-10,CRM,BUY,1.89,0.0122,0.023
2025-12-11,CRM,BUY,1.79,-0.007,-0.0126
2025-12-12,CRM,BUY,1.61,-0.0005,-0.0007
2025-12-15,CRM,BUY,1.26,-0.0292,-0.0368
2025-12-16,CRM,BUY,1.24,0.0013,0.0016
2025-12-17,CRM,BUY,1.38,0.0127,0.0175
2025-12-18,CRM,BUY,1.3,0.0005,0.0006
2025-12-19,CRM,BUY,1.36,0.008,0.0109
2025-12-22,CRM,BUY,1.35,0.0182,0.0246
2025-12-23,CRM,BUY,1.32,-0.0045,-0.006
2025-12-24,CRM,BUY,1.32,0.0069,0.0092
2025-12-26,CRM,BUY,1.29,0.0031,0.004
2025-12-29,CRM,BUY,1.38,0.0006,0.0008
2025-12-30,CRM,BUY,1.37,-0.0012,-0.0016
2025-12-31,CRM,BUY,1.37,-0.0038,-0.0052
2026-01-02,CRM,BUY,0.67,-0.0426,-0.0284
2026-01-05,CRM,BUY,0.69,0.0104,0.0072
2026-01-06,CRM,BUY,0.78,0.0259,0.0203
2026-01-07,CRM,BUY,0.81,0.0122,0.01
2026-01-08,CRM,BUY,0.72,-0.021,-0.0152
2026-01-09,CRM,BUY,0.71,-0.0023,-0.0016
2026-01-12,CRM,BUY,0.7,-0.0021,-0.0015
2026-01-13,CRM,BUY,0.31,-0.0707,-0.022
2026-01-14,CRM,BUY,0.31,-0.0062,-0.0019
2026-01-15,CRM,BUY,0.28,-0.0252,-0.0072
2026-01-16,CRM,BUY,0.27,-0.0275,-0.0074
2026-01-20,CRM,BUY,0.25,-0.031,-0.0077
2026-01-21,CRM,BUY,0.26,0.0069,0.0018
2026-01-22,CRM,BUY,0.31,0.0294,0.0091
2026-01-23,CRM,BUY,0.32,-0.0002,-0.0001
2026-01-26,CRM,BUY,0.34,0.0059,0.002
2026-01-27,CRM,BUY,0.35,-0.0038,-0.0013
2026-01-28,CRM,BUY,0.36,-0.0025,-0.0009
2026-01-29,CRM,BUY,0.26,-0.0609,-0.0157
2026-01-30,CRM,BUY,0.26,-0.0084,-0.0022
2026-02-02,CRM,BUY,0.27,-0.007,-0.0019
2026-02-03,CRM,BUY,0.19,-0.0685,-0.0128
2026-02-04,CRM,BUY,0.21,0.0156,0.0033
2026-02-05,CRM,BUY,0.18,-0.0475,-0.0088
2026-02-06,CRM,BUY,0.2,0.0073,0.0015
2026-02-09,CRM,BUY,0.22,0.014,0.0031
2026-02-10,CRM,BUY,0.24,-0.003,-0.0007
2026-02-11,CRM,BUY,0.21,-0.0437,-0.0091
2026-02-12,CRM,BUY,0.24,0.0023,0.0006
2026-02-13,CRM,BUY,0.28,0.0231,0.0065
2026-02-17,CRM,BUY,0.26,-0.0286,-0.0073
2026-02-18,CRM,BUY,0.28,0.019,0.0053
2026-02-19,CRM,BUY,0.27,-0.0133,-0.0036
2026-02-20,CRM,BUY,0.28,-0.0007,-0.0002
2026-02-23,CRM,BUY,0.26,-0.0378,-0.0098
2026-02-24,CRM,BUY,0.33,0.0407,0.0134
2026-02-25,CRM,BUY,0.4,0.0341,0.0138
2026-02-26,CRM,BUY,0.51,0.0403,0.0205
2026-02-27,CRM,BUY,0.49,-0.0235,-0.0114
2026-03-02,CRM,BUY,0.52,-0.0094,-0.0049
2026-03-03,CRM,BUY,0.56,0.0161,0.009
2026-03-04,CRM,BUY,0.54,-0.0151,-0.0081
2026-03-05,CRM,BUY,0.87,0.043,0.0374
2026-03-06,CRM,BUY,0.87,0.0036,0.0031
2026-03-09,CRM,BUY,0.94,-0.0164,-0.0154
2026-03-10,CRM,BUY,0.86,-0.0195,-0.0168
2026-03-11,CRM,BUY,0.83,-0.004,-0.0033
2026-03-12,CRM,BUY,0.96,0.0265,0.0254
2026-03-13,CRM,BUY,0.93,-0.0324,-0.03
2026-03-16,CRM,BUY,1.07,0.0286,0.0305
2026-03-17,CRM,BUY,0.99,-0.0153,-0.0151
2026-03-18,CRM,BUY,0.95,-0.005,-0.0047
2026-03-19,CRM,BUY,0.96,0.0033,0.0032
2026-03-20,CRM,BUY,0.94,0.002,0.0019
2026-03-23,CRM,BUY,0.91,-0.001,-0.0009
2026-03-24,CRM,BUY,0.45,-0.0623,-0.0279
2026-03-25,CRM,BUY,0.45,-0.0058,-0.0026
2026-03-26,CRM,BUY,0.5,0.0202,0.0101
2026-03-27,CRM,BUY,0.43,-0.0341,-0.0147
2026-03-30,CRM,BUY,0.49,0.0319,0.0156
2026-03-31,CRM,BUY,0.5,0.0089,0.0044
2026-04-01,CRM,BUY,0.5,-0.0023,-0.0012
2026-04-02,CRM,BUY,0.5,0.005,0.0025
2026-04-06,CRM,BUY,0.5,-0.0115,-0.0058
2026-04-07,CRM,BUY,0.5,-0.0112,-0.0056
2026-04-08,CRM,BUY,0.41,-0.036,-0.0149
2026-04-09,CRM,BUY,0.37,-0.0289,-0.0106
2026-04-10,CRM,BUY,0.33,-0.0345,-0.0114
2026-04-13,CRM,BUY,0.42,0.0476,0.0199
2026-04-14,CRM,BUY,0.41,-0.0087,-0.0036
2026-04-15,CRM,BUY,0.5,0.0367,0.0185
2026-04-16,CRM,BUY,0.54,0.0204,0.0111
2026-04-17,CRM,BUY,0.56,0.0051,0.0029
2026-04-20,CRM,BUY,0.64,0.0227,0.0145
2026-04-21,CRM,BUY,0.66,0.0045,0.003
2026-04-22,CRM,BUY,0.72,0.0144,0.0103
2026-04-23,CRM,BUY,0.35,-0.0869,-0.03
2026-04-24,CRM,BUY,0.41,0.028,0.0114
